K_k4,MS1d,0,7,10,3,2000,0.4,0.25,4,170.908
K_k4,MS1d,0,3,10,3,2000,0.4,0.25,4,170.908
K_k4,MS1d,0,9,10,3,2000,0.4,0.25,4,170.908
K_k4,MS1d,0,1,10,3,2000,0.4,0.25,4,170.908
K_k4,MS1d,0,5,10,3,2000,0.4,0.25,4,170.908
K_k4,MS2d,0,5,10,3,2000,0.4,0.25,4,164.835
K_k4,MS2d,0,3,10,3,2000,0.4,0.25,4,157.469
K_k4,MS2d,0,9,10,3,2000,0.4,0.25,4,157.441
K_k4,MS2d,0,7,10,3,2000,0.4,0.25,4,162.541
K_k4,MS2d,0,1,10,3,2000,0.4,0.25,4,163.455
K_k4,MS3d,0,1,10,3,2000,0.4,0.25,4,249.056
K_k4,MS3d,0,3,10,3,2000,0.4,0.25,4,248.986
K_k4,MS3d,0,5,10,3,2000,0.4,0.25,4,249.056
K_k4,MS3d,0,9,10,3,2000,0.4,0.25,4,249.056
K_k4,MS3d,0,7,10,3,2000,0.4,0.25,4,248.986
K_k4,MS5d,0,3,10,3,2000,0.4,0.25,4,385.527
K_k4,MS5d,0,5,10,3,2000,0.4,0.25,4,379.204
K_k4,MS5d,0,7,10,3,2000,0.4,0.25,4,362.371
K_k4,MS5d,0,1,10,3,2000,0.4,0.25,4,379.989
K_k4,MS5d,0,9,10,3,2000,0.4,0.25,4,372.38
K_k4,MS7d,0,1,10,3,2000,0.4,0.25,4,191.42
K_k4,MS6d,0,1,10,3,2000,0.4,0.25,4,82.1867
K_k4,MS6d,0,3,10,3,2000,0.4,0.25,4,82.1867
K_k4,MS7d,0,5,10,3,2000,0.4,0.25,4,191.42
K_k4,MS7d,0,7,10,3,2000,0.4,0.25,4,189.632
K_k4,MS7d,0,3,10,3,2000,0.4,0.25,4,189.017
K_k4,MS7d,0,9,10,3,2000,0.4,0.25,4,191.42
K_k4,MS8d,0,5,10,3,2000,0.4,0.25,4,235.499
K_k4,MS8d,0,1,10,3,2000,0.4,0.25,4,238.72
K_k4,MS6d,0,5,10,3,2000,0.4,0.25,4,82.1867
K_k4,MS6d,0,7,10,3,2000,0.4,0.25,4,82.1867
K_k4,MS6d,0,9,10,3,2000,0.4,0.25,4,82.1867
K_k4,MS4d,0,9,10,3,2000,0.4,0.25,4,568.052
K_k4,MS8d,0,7,10,3,2000,0.4,0.25,4,241.711
K_k4,MS4d,0,7,10,3,2000,0.4,0.25,4,587.669
K_k4,MS4d,0,5,10,3,2000,0.4,0.25,4,588.793
K_k4,MS4d,0,1,10,3,2000,0.4,0.25,4,583.754
K_k4,MS4d,0,3,10,3,2000,0.4,0.25,4,583.538
K_k4,MS8d,0,9,10,3,2000,0.4,0.25,4,241.694
K_k4,MS11d,0,1,10,3,2000,0.4,0.25,4,111.068
K_k4,MS10d,0,1,10,3,2000,0.4,0.25,4,207.286
K_k4,MS11d,0,3,10,3,2000,0.4,0.25,4,111.848
K_k4,MS11d,0,5,10,3,2000,0.4,0.25,4,114.228
K_k4,MS10d,0,5,10,3,2000,0.4,0.25,4,202.003
K_k4,MS12d,0,1,10,3,2000,0.4,0.25,4,80.1899
K_k4,MS11d,0,7,10,3,2000,0.4,0.25,4,111.068
K_k4,MS11d,0,9,10,3,2000,0.4,0.25,4,113.092
K_k4,MS12d,0,3,10,3,2000,0.4,0.25,4,80.1899
K_k4,MS12d,0,5,10,3,2000,0.4,0.25,4,80.1899
K_k4,MS10d,0,7,10,3,2000,0.4,0.25,4,200.774
K_k4,MS12d,0,7,10,3,2000,0.4,0.25,4,80.1899
K_k4,MS12d,0,9,10,3,2000,0.4,0.25,4,88.4747
K_k4,MS9d,0,1,10,3,2000,0.4,0.25,4,167.774
K_k4,MS9d,0,3,10,3,2000,0.4,0.25,4,168.426
K_k4,MS9d,0,5,10,3,2000,0.4,0.25,4,164.55
K_k4,MS9d,0,7,10,3,2000,0.4,0.25,4,166.544
K_k4,MS10d,0,9,10,3,2000,0.4,0.25,4,198.313
K_k4,MS10d,0,3,10,3,2000,0.4,0.25,4,193.593
K_k4,MS14d,0,1,10,3,2000,0.4,0.25,4,141.211
K_k4,MS13d,0,1,10,3,2000,0.4,0.25,4,138.081
K_k4,MS13d,0,5,10,3,2000,0.4,0.25,4,141.095
K_k4,MS14d,0,3,10,3,2000,0.4,0.25,4,145.301
K_k4,MS14d,0,5,10,3,2000,0.4,0.25,4,150.007
K_k4,MS13d,0,7,10,3,2000,0.4,0.25,4,139.137
K_k4,MS15d,0,1,10,3,2000,0.4,0.25,4,119.97
K_k4,MS13d,0,3,10,3,2000,0.4,0.25,4,142.771
K_k4,MS15d,0,5,10,3,2000,0.4,0.25,4,116.639
K_k4,MS14d,0,7,10,3,2000,0.4,0.25,4,143.91
K_k4,MS15d,0,3,10,3,2000,0.4,0.25,4,120.195
K_k4,MS15d,0,7,10,3,2000,0.4,0.25,4,119.011
K_k4,MS14d,0,9,10,3,2000,0.4,0.25,4,149.533
K_k4,MS15d,0,9,10,3,2000,0.4,0.25,4,119.276
K_k4,MS13d,0,9,10,3,2000,0.4,0.25,4,147.533
K_k4,MS9d,0,9,10,3,2000,0.4,0.25,4,166.224
K_k4,MS8d,0,3,10,3,2000,0.4,0.25,4,238.242
K_k4,MS16d,0,1,10,3,2000,0.4,0.25,4,121.218
K_k4,MS16d,0,3,10,3,2000,0.4,0.25,4,121.655
K_k4,MS16d,0,5,10,3,2000,0.4,0.25,4,125.799
K_k4,MS16d,0,7,10,3,2000,0.4,0.25,4,123.632
K_k4,MS16d,0,9,10,3,2000,0.4,0.25,4,121.159
K_k4,MS17d,0,5,10,3,2000,0.4,0.25,4,269.639
K_k4,MS17d,0,1,10,3,2000,0.4,0.25,4,270.826
K_k4,MS17d,0,7,10,3,2000,0.4,0.25,4,265.808
K_k4,MS17d,0,9,10,3,2000,0.4,0.25,4,269.683
K_k4,MS17d,0,3,10,3,2000,0.4,0.25,4,268.439
K_k4,MS18d,0,1,10,3,2000,0.4,0.25,4,453.161
K_k4,MS18d,0,3,10,3,2000,0.4,0.25,4,456.914
K_k4,MS18d,0,7,10,3,2000,0.4,0.25,4,444.642
K_k4,MS18d,0,9,10,3,2000,0.4,0.25,4,452.027
K_k4,MS18d,0,5,10,3,2000,0.4,0.25,4,442.425
K_k4,MS21d,0,1,10,3,2000,0.4,0.25,4,266.095
K_k4,MS21d,0,3,10,3,2000,0.4,0.25,4,266.095
K_k4,MS19d,0,1,10,3,2000,0.4,0.25,4,390.729
K_k4,MS19d,0,3,10,3,2000,0.4,0.25,4,387.527
K_k4,MS21d,0,5,10,3,2000,0.4,0.25,4,267.479
K_k4,MS21d,0,7,10,3,2000,0.4,0.25,4,266.095
K_k4,MS21d,0,9,10,3,2000,0.4,0.25,4,266.095
K_k4,MS22d,0,1,10,3,2000,0.4,0.25,4,412.326
K_k4,MS22d,0,3,10,3,2000,0.4,0.25,4,425.341
K_k4,MS22d,0,5,10,3,2000,0.4,0.25,4,412.326
K_k4,MS19d,0,7,10,3,2000,0.4,0.25,4,390.792
K_k4,MS19d,0,5,10,3,2000,0.4,0.25,4,390.86
K_k4,MS22d,0,7,10,3,2000,0.4,0.25,4,425.341
K_k4,MS23d,0,1,10,3,2000,0.4,0.25,4,389.767
K_k4,MS19d,0,9,10,3,2000,0.4,0.25,4,371.75
K_k4,MS23d,0,3,10,3,2000,0.4,0.25,4,389.767
K_k4,MS23d,0,5,10,3,2000,0.4,0.25,4,389.767
K_k4,MS20d,0,1,10,3,2000,0.4,0.25,4,352.907
K_k4,MS23d,0,7,10,3,2000,0.4,0.25,4,389.767
K_k4,MS23d,0,9,10,3,2000,0.4,0.25,4,389.767
K_k4,MS20d,0,3,10,3,2000,0.4,0.25,4,358.619
K_k4,MS22d,0,9,10,3,2000,0.4,0.25,4,412.326
K_k4,MS25d,0,1,10,3,2000,0.4,0.25,4,254.782
K_k4,MS25d,0,3,10,3,2000,0.4,0.25,4,249.222
K_k4,MS24d,0,1,10,3,2000,0.4,0.25,4,227.75
K_k4,MS20d,0,5,10,3,2000,0.4,0.25,4,355.034
K_k4,MS24d,0,3,10,3,2000,0.4,0.25,4,224.752
K_k4,MS25d,0,5,10,3,2000,0.4,0.25,4,261.438
K_k4,MS24d,0,5,10,3,2000,0.4,0.25,4,226.895
K_k4,MS25d,0,7,10,3,2000,0.4,0.25,4,263.76
K_k4,MS24d,0,7,10,3,2000,0.4,0.25,4,227.919
K_k4,MS24d,0,9,10,3,2000,0.4,0.25,4,227.919
K_k4,MS25d,0,9,10,3,2000,0.4,0.25,4,249.222
K_k4,MS20d,0,7,10,3,2000,0.4,0.25,4,355.735
K_k4,MS20d,0,9,10,3,2000,0.4,0.25,4,352.073
K_k4,MS27d,0,1,10,3,2000,0.4,0.25,4,340.023
K_k4,MS27d,0,3,10,3,2000,0.4,0.25,4,352.43
K_k4,MS27d,0,5,10,3,2000,0.4,0.25,4,345.257
K_k4,MS27d,0,7,10,3,2000,0.4,0.25,4,357.902
K_k4,MS26d,0,5,10,3,2000,0.4,0.25,4,388.061
K_k4,MS26d,0,1,10,3,2000,0.4,0.25,4,392.033
K_k4,MS26d,0,3,10,3,2000,0.4,0.25,4,398.928
K_k4,MS27d,0,9,10,3,2000,0.4,0.25,4,363.302
K_k4,MS26d,0,7,10,3,2000,0.4,0.25,4,392.764
K_k4,MS26d,0,9,10,3,2000,0.4,0.25,4,387.661
K_k4,MS30d,0,1,10,3,2000,0.4,0.25,4,158.779
K_k4,MS30d,0,3,10,3,2000,0.4,0.25,4,162.729
K_k4,MS30d,0,5,10,3,2000,0.4,0.25,4,157.827
K_k4,MS30d,0,7,10,3,2000,0.4,0.25,4,157.915
K_k4,MS29d,0,1,10,3,2000,0.4,0.25,4,410.125
K_k4,MS29d,0,3,10,3,2000,0.4,0.25,4,408.899
K_k4,MS31d,0,1,10,3,2000,0.4,0.25,4,126.135
K_k4,MS29d,0,9,10,3,2000,0.4,0.25,4,423.282
K_k4,MS29d,0,5,10,3,2000,0.4,0.25,4,408.775
K_k4,MS29d,0,7,10,3,2000,0.4,0.25,4,413.001
K_k4,MS32d,0,3,10,3,2000,0.4,0.25,4,101.339
K_k4,MS32d,0,1,10,3,2000,0.4,0.25,4,101.339
K_k4,MS31d,0,7,10,3,2000,0.4,0.25,4,132.345
K_k4,MS31d,0,3,10,3,2000,0.4,0.25,4,126.525
K_k4,MS32d,0,7,10,3,2000,0.4,0.25,4,101.339
K_k4,MS32d,0,5,10,3,2000,0.4,0.25,4,101.339
K_k4,MS32d,0,9,10,3,2000,0.4,0.25,4,101.339
K_k4,MS31d,0,5,10,3,2000,0.4,0.25,4,129.778
K_k4,MS31d,0,9,10,3,2000,0.4,0.25,4,131.018
K_k4,MS30d,0,9,10,3,2000,0.4,0.25,4,160.567
K_k4,MS28d,0,1,10,3,2000,0.4,0.25,4,399.883
K_k4,MS34d,0,1,10,3,2000,0.4,0.25,4,100.976
K_k4,MS28d,0,3,10,3,2000,0.4,0.25,4,402.204
K_k4,MS34d,0,3,10,3,2000,0.4,0.25,4,98.1977
K_k4,MS28d,0,5,10,3,2000,0.4,0.25,4,404.087
K_k4,MS33d,0,1,10,3,2000,0.4,0.25,4,94.539
K_k4,MS33d,0,5,10,3,2000,0.4,0.25,4,94.539
K_k4,MS28d,0,7,10,3,2000,0.4,0.25,4,403.967
K_k4,MS33d,0,3,10,3,2000,0.4,0.25,4,94.539
K_k4,MS33d,0,9,10,3,2000,0.4,0.25,4,94.539
K_k4,MS33d,0,7,10,3,2000,0.4,0.25,4,94.539
K_k4,MS28d,0,9,10,3,2000,0.4,0.25,4,407.747
K_k4,MS34d,0,7,10,3,2000,0.4,0.25,4,98.5615
K_k4,MS34d,0,5,10,3,2000,0.4,0.25,4,99.9874
K_k4,MS34d,0,9,10,3,2000,0.4,0.25,4,100.976
K_k4,MS36d,0,1,10,3,2000,0.4,0.25,4,156.601
K_k4,MS36d,0,3,10,3,2000,0.4,0.25,4,162.71
K_k4,MS36d,0,9,10,3,2000,0.4,0.25,4,155.618
K_k4,MS36d,0,5,10,3,2000,0.4,0.25,4,159.703
K_k4,MS38d,0,1,10,3,2000,0.4,0.25,4,173.679
K_k4,MS38d,0,3,10,3,2000,0.4,0.25,4,174.199
K_k4,MS35d,0,1,10,3,2000,0.4,0.25,4,121.504
K_k4,MS38d,0,5,10,3,2000,0.4,0.25,4,173.215
K_k4,MS38d,0,7,10,3,2000,0.4,0.25,4,180.715
K_k4,MS37d,0,3,10,3,2000,0.4,0.25,4,142.315
K_k4,MS38d,0,9,10,3,2000,0.4,0.25,4,176.313
K_k4,MS39d,0,1,10,3,2000,0.4,0.25,4,226.951
K_k4,MS39d,0,3,10,3,2000,0.4,0.25,4,227.455
K_k4,MS35d,0,7,10,3,2000,0.4,0.25,4,120.056
K_k4,MS39d,0,5,10,3,2000,0.4,0.25,4,223.085
K_k4,MS39d,0,7,10,3,2000,0.4,0.25,4,224.427
K_k4,MS39d,0,9,10,3,2000,0.4,0.25,4,217.666
K_k4,MS36d,0,7,10,3,2000,0.4,0.25,4,158.858
K_k4,MS40d,0,1,10,3,2000,0.4,0.25,4,276.413
K_k4,MS40d,0,3,10,3,2000,0.4,0.25,4,268.251
K_k4,MS35d,0,9,10,3,2000,0.4,0.25,4,119.855
K_k4,MS40d,0,5,10,3,2000,0.4,0.25,4,253.913
K_k4,MS40d,0,7,10,3,2000,0.4,0.25,4,253.913
K_k4,MS40d,0,9,10,3,2000,0.4,0.25,4,258.963
K_k4,MS37d,0,5,10,3,2000,0.4,0.25,4,154.281
K_k4,MS37d,0,9,10,3,2000,0.4,0.25,4,146.698
K_k4,MS37d,0,1,10,3,2000,0.4,0.25,4,143.143
K_k4,MS35d,0,3,10,3,2000,0.4,0.25,4,115.965
K_k4,MS37d,0,7,10,3,2000,0.4,0.25,4,142.315
K_k4,MS41d,0,1,10,3,2000,0.4,0.25,4,278.479
K_k4,MS41d,0,3,10,3,2000,0.4,0.25,4,280.997
K_k4,MS41d,0,5,10,3,2000,0.4,0.25,4,280.21
K_k4,MS41d,0,9,10,3,2000,0.4,0.25,4,275.625
K_k4,MS41d,0,7,10,3,2000,0.4,0.25,4,280.91
K_k6,MS1d,0,1,10,3,2000,0.4,0.25,6,170.908
K_k6,MS1d,0,3,10,3,2000,0.4,0.25,6,170.908
K_k6,MS1d,0,5,10,3,2000,0.4,0.25,6,170.908
K_k6,MS1d,0,7,10,3,2000,0.4,0.25,6,170.908
K_k6,MS1d,0,9,10,3,2000,0.4,0.25,6,170.908
K_k6,MS2d,0,1,10,3,2000,0.4,0.25,6,159.072
K_k6,MS2d,0,3,10,3,2000,0.4,0.25,6,159.072
K_k6,MS2d,0,5,10,3,2000,0.4,0.25,6,159.072
K_k6,MS2d,0,7,10,3,2000,0.4,0.25,6,159.072
K_k6,MS2d,0,9,10,3,2000,0.4,0.25,6,159.072
K_k4,MS42d,0,1,10,3,2000,0.4,0.25,4,386.672
K_k6,MS3d,0,3,10,3,2000,0.4,0.25,6,243.812
K_k6,MS3d,0,1,10,3,2000,0.4,0.25,6,243.812
K_k6,MS3d,0,5,10,3,2000,0.4,0.25,6,243.812
K_k6,MS3d,0,7,10,3,2000,0.4,0.25,6,243.812
K_k4,MS43d,0,1,10,3,2000,0.4,0.25,4,403.568
K_k6,MS3d,0,9,10,3,2000,0.4,0.25,6,243.812
K_k4,MS43d,0,3,10,3,2000,0.4,0.25,4,410.602
K_k4,MS43d,0,5,10,3,2000,0.4,0.25,4,388.237
K_k4,MS43d,0,7,10,3,2000,0.4,0.25,4,399.81
K_k4,MS42d,0,3,10,3,2000,0.4,0.25,4,377.965
K_k4,MS43d,0,9,10,3,2000,0.4,0.25,4,399.653
K_k4,MS42d,0,5,10,3,2000,0.4,0.25,4,378.946
K_k6,MS5d,0,1,10,3,2000,0.4,0.25,6,378.292
K_k6,MS5d,0,3,10,3,2000,0.4,0.25,6,377.229
K_k6,MS5d,0,5,10,3,2000,0.4,0.25,6,378.904
K_k6,MS4d,0,3,10,3,2000,0.4,0.25,6,592.326
K_k4,MS42d,0,7,10,3,2000,0.4,0.25,4,379.919
K_k6,MS4d,0,1,10,3,2000,0.4,0.25,6,586.141
K_k6,MS4d,0,5,10,3,2000,0.4,0.25,6,570.281
K_k6,MS5d,0,7,10,3,2000,0.4,0.25,6,389.155
K_k6,MS7d,0,1,10,3,2000,0.4,0.25,6,191.42
K_k6,MS7d,0,3,10,3,2000,0.4,0.25,6,189.017
K_k4,MS42d,0,9,10,3,2000,0.4,0.25,4,394.436
K_k6,MS4d,0,7,10,3,2000,0.4,0.25,6,587.4
K_k6,MS7d,0,5,10,3,2000,0.4,0.25,6,191.42
K_k6,MS4d,0,9,10,3,2000,0.4,0.25,6,585.024
K_k6,MS5d,0,9,10,3,2000,0.4,0.25,6,372.38
K_k6,MS7d,0,7,10,3,2000,0.4,0.25,6,189.632
K_k6,MS7d,0,9,10,3,2000,0.4,0.25,6,191.42
K_k6,MS6d,0,1,10,3,2000,0.4,0.25,6,82.1867
K_k6,MS6d,0,3,10,3,2000,0.4,0.25,6,82.1867
K_k6,MS6d,0,5,10,3,2000,0.4,0.25,6,82.1867
K_k6,MS6d,0,7,10,3,2000,0.4,0.25,6,82.1867
K_k6,MS6d,0,9,10,3,2000,0.4,0.25,6,82.1867
K_k6,MS8d,0,3,10,3,2000,0.4,0.25,6,237.578
K_k6,MS8d,0,1,10,3,2000,0.4,0.25,6,235.161
K_k6,MS8d,0,7,10,3,2000,0.4,0.25,6,232.713
K_k6,MS8d,0,9,10,3,2000,0.4,0.25,6,249.527
K_k6,MS9d,0,3,10,3,2000,0.4,0.25,6,168.857
K_k6,MS9d,0,1,10,3,2000,0.4,0.25,6,165.774
K_k6,MS11d,0,1,10,3,2000,0.4,0.25,6,111.068
K_k6,MS11d,0,3,10,3,2000,0.4,0.25,6,118.828
K_k6,MS10d,0,1,10,3,2000,0.4,0.25,6,194.064
K_k6,MS11d,0,5,10,3,2000,0.4,0.25,6,111.068
K_k6,MS10d,0,3,10,3,2000,0.4,0.25,6,186.975
K_k6,MS12d,0,1,10,3,2000,0.4,0.25,6,80.1899
K_k6,MS10d,0,5,10,3,2000,0.4,0.25,6,195.115
K_k6,MS11d,0,7,10,3,2000,0.4,0.25,6,115.16
K_k6,MS9d,0,5,10,3,2000,0.4,0.25,6,170.084
K_k6,MS11d,0,9,10,3,2000,0.4,0.25,6,114.02
K_k6,MS8d,0,5,10,3,2000,0.4,0.25,6,241.768
K_k6,MS12d,0,3,10,3,2000,0.4,0.25,6,80.1899
K_k6,MS12d,0,5,10,3,2000,0.4,0.25,6,80.1899
K_k6,MS12d,0,7,10,3,2000,0.4,0.25,6,80.1899
K_k6,MS12d,0,9,10,3,2000,0.4,0.25,6,88.4747
K_k6,MS10d,0,7,10,3,2000,0.4,0.25,6,191.054
K_k6,MS13d,0,3,10,3,2000,0.4,0.25,6,144.921
K_k6,MS9d,0,7,10,3,2000,0.4,0.25,6,169.281
K_k6,MS13d,0,7,10,3,2000,0.4,0.25,6,138.948
K_k6,MS13d,0,1,10,3,2000,0.4,0.25,6,140.439
K_k6,MS13d,0,9,10,3,2000,0.4,0.25,6,140.963
K_k6,MS14d,0,3,10,3,2000,0.4,0.25,6,146.128
K_k6,MS13d,0,5,10,3,2000,0.4,0.25,6,141.223
K_k6,MS15d,0,1,10,3,2000,0.4,0.25,6,115.69
K_k6,MS14d,0,1,10,3,2000,0.4,0.25,6,143.235
K_k6,MS9d,0,9,10,3,2000,0.4,0.25,6,168.641
K_k6,MS14d,0,5,10,3,2000,0.4,0.25,6,149.246
K_k6,MS15d,0,3,10,3,2000,0.4,0.25,6,115.69
K_k6,MS15d,0,5,10,3,2000,0.4,0.25,6,124.894
K_k6,MS14d,0,9,10,3,2000,0.4,0.25,6,148.11
K_k6,MS14d,0,7,10,3,2000,0.4,0.25,6,145.707
K_k6,MS15d,0,9,10,3,2000,0.4,0.25,6,114.954
K_k6,MS15d,0,7,10,3,2000,0.4,0.25,6,114.954
K_k6,MS10d,0,9,10,3,2000,0.4,0.25,6,195.225
K_k6,MS16d,0,1,10,3,2000,0.4,0.25,6,124.217
K_k6,MS16d,0,7,10,3,2000,0.4,0.25,6,124.6
K_k6,MS16d,0,3,10,3,2000,0.4,0.25,6,122.817
K_k6,MS16d,0,9,10,3,2000,0.4,0.25,6,117.7
K_k6,MS16d,0,5,10,3,2000,0.4,0.25,6,121.359
K_k4,MS35d,0,5,10,3,2000,0.4,0.25,4,119.039
K_k6,MS17d,0,9,10,3,2000,0.4,0.25,6,268.444
K_k6,MS17d,0,3,10,3,2000,0.4,0.25,6,268.444
K_k6,MS17d,0,1,10,3,2000,0.4,0.25,6,265.975
K_k6,MS17d,0,5,10,3,2000,0.4,0.25,6,268.444
K_k6,MS17d,0,7,10,3,2000,0.4,0.25,6,265.423
K_k6,MS18d,0,1,10,3,2000,0.4,0.25,6,455.68
K_k6,MS18d,0,3,10,3,2000,0.4,0.25,6,454.046
K_k6,MS18d,0,7,10,3,2000,0.4,0.25,6,453.144
K_k6,MS18d,0,5,10,3,2000,0.4,0.25,6,456.962
K_k6,MS18d,0,9,10,3,2000,0.4,0.25,6,458.087
K_k6,MS21d,0,1,10,3,2000,0.4,0.25,6,272.694
K_k6,MS21d,0,3,10,3,2000,0.4,0.25,6,266.978
K_k6,MS21d,0,5,10,3,2000,0.4,0.25,6,266.978
K_k6,MS21d,0,7,10,3,2000,0.4,0.25,6,266.978
K_k6,MS19d,0,1,10,3,2000,0.4,0.25,6,392.002
K_k6,MS21d,0,9,10,3,2000,0.4,0.25,6,275.587
K_k6,MS22d,0,1,10,3,2000,0.4,0.25,6,412.326
K_k6,MS22d,0,3,10,3,2000,0.4,0.25,6,425.341
K_k6,MS19d,0,3,10,3,2000,0.4,0.25,6,379.748
K_k6,MS19d,0,9,10,3,2000,0.4,0.25,6,385.413
K_k6,MS19d,0,5,10,3,2000,0.4,0.25,6,373.286
K_k6,MS19d,0,7,10,3,2000,0.4,0.25,6,373.18
K_k6,MS20d,0,1,10,3,2000,0.4,0.25,6,352.228
K_k6,MS22d,0,5,10,3,2000,0.4,0.25,6,412.326
K_k6,MS20d,0,3,10,3,2000,0.4,0.25,6,356.438
K_k6,MS23d,0,1,10,3,2000,0.4,0.25,6,387.777
K_k6,MS23d,0,5,10,3,2000,0.4,0.25,6,387.777
K_k6,MS23d,0,3,10,3,2000,0.4,0.25,6,387.777
K_k6,MS23d,0,7,10,3,2000,0.4,0.25,6,387.777
K_k6,MS23d,0,9,10,3,2000,0.4,0.25,6,387.777
K_k6,MS22d,0,7,10,3,2000,0.4,0.25,6,425.341
K_k6,MS22d,0,9,10,3,2000,0.4,0.25,6,412.326
K_k6,MS24d,0,1,10,3,2000,0.4,0.25,6,227.75
K_k6,MS25d,0,1,10,3,2000,0.4,0.25,6,254.782
K_k6,MS24d,0,3,10,3,2000,0.4,0.25,6,224.752
K_k6,MS25d,0,3,10,3,2000,0.4,0.25,6,249.222
K_k6,MS24d,0,5,10,3,2000,0.4,0.25,6,226.895
K_k6,MS25d,0,5,10,3,2000,0.4,0.25,6,261.438
K_k6,MS25d,0,7,10,3,2000,0.4,0.25,6,263.76
K_k6,MS20d,0,5,10,3,2000,0.4,0.25,6,358.355
K_k6,MS24d,0,7,10,3,2000,0.4,0.25,6,227.919
K_k6,MS24d,0,9,10,3,2000,0.4,0.25,6,227.919
K_k6,MS20d,0,7,10,3,2000,0.4,0.25,6,353.639
K_k6,MS25d,0,9,10,3,2000,0.4,0.25,6,249.222
K_k6,MS20d,0,9,10,3,2000,0.4,0.25,6,358.355
K_k6,MS27d,0,1,10,3,2000,0.4,0.25,6,343.398
K_k6,MS27d,0,5,10,3,2000,0.4,0.25,6,351.968
K_k6,MS27d,0,3,10,3,2000,0.4,0.25,6,350.044
K_k6,MS26d,0,5,10,3,2000,0.4,0.25,6,388.061
K_k6,MS26d,0,3,10,3,2000,0.4,0.25,6,398.928
K_k6,MS26d,0,1,10,3,2000,0.4,0.25,6,392.033
K_k6,MS27d,0,7,10,3,2000,0.4,0.25,6,348.421
K_k6,MS26d,0,7,10,3,2000,0.4,0.25,6,392.764
K_k6,MS27d,0,9,10,3,2000,0.4,0.25,6,337.173
K_k6,MS26d,0,9,10,3,2000,0.4,0.25,6,387.661
K_k6,MS30d,0,1,10,3,2000,0.4,0.25,6,163.734
K_k6,MS30d,0,3,10,3,2000,0.4,0.25,6,168.733
K_k6,MS30d,0,5,10,3,2000,0.4,0.25,6,160.698
K_k6,MS30d,0,7,10,3,2000,0.4,0.25,6,160.794
K_k6,MS29d,0,1,10,3,2000,0.4,0.25,6,409.059
K_k6,MS29d,0,3,10,3,2000,0.4,0.25,6,399.093
K_k6,MS29d,0,9,10,3,2000,0.4,0.25,6,412.88
K_k6,MS29d,0,5,10,3,2000,0.4,0.25,6,408.162
K_k6,MS31d,0,1,10,3,2000,0.4,0.25,6,130.227
K_k6,MS32d,0,1,10,3,2000,0.4,0.25,6,101.186
K_k6,MS29d,0,7,10,3,2000,0.4,0.25,6,406.998
K_k6,MS32d,0,5,10,3,2000,0.4,0.25,6,101.186
K_k6,MS32d,0,3,10,3,2000,0.4,0.25,6,101.186
K_k6,MS31d,0,3,10,3,2000,0.4,0.25,6,128.067
K_k6,MS30d,0,9,10,3,2000,0.4,0.25,6,164.985
K_k6,MS31d,0,5,10,3,2000,0.4,0.25,6,127.342
K_k6,MS32d,0,7,10,3,2000,0.4,0.25,6,101.339
K_k6,MS31d,0,9,10,3,2000,0.4,0.25,6,127.528
K_k6,MS32d,0,9,10,3,2000,0.4,0.25,6,101.186
K_k6,MS31d,0,7,10,3,2000,0.4,0.25,6,124.067
K_k6,MS28d,0,1,10,3,2000,0.4,0.25,6,403.806
K_k6,MS34d,0,1,10,3,2000,0.4,0.25,6,100.027
K_k6,MS34d,0,3,10,3,2000,0.4,0.25,6,98.8882
K_k6,MS28d,0,3,10,3,2000,0.4,0.25,6,395.578
K_k6,MS33d,0,1,10,3,2000,0.4,0.25,6,103.56
K_k6,MS33d,0,9,10,3,2000,0.4,0.25,6,102.792
K_k6,MS33d,0,5,10,3,2000,0.4,0.25,6,96.3772
K_k6,MS33d,0,3,10,3,2000,0.4,0.25,6,96.3772
K_k6,MS33d,0,7,10,3,2000,0.4,0.25,6,96.3772
K_k6,MS28d,0,5,10,3,2000,0.4,0.25,6,410.203
K_k6,MS28d,0,7,10,3,2000,0.4,0.25,6,406.728
K_k6,MS28d,0,9,10,3,2000,0.4,0.25,6,399.028
K_k6,MS34d,0,5,10,3,2000,0.4,0.25,6,100.487
K_k6,MS34d,0,7,10,3,2000,0.4,0.25,6,98.8882
K_k6,MS34d,0,9,10,3,2000,0.4,0.25,6,100.027
K_k6,MS37d,0,3,10,3,2000,0.4,0.25,6,142.315
K_k6,MS36d,0,5,10,3,2000,0.4,0.25,6,157.383
K_k6,MS36d,0,3,10,3,2000,0.4,0.25,6,159.55
K_k6,MS36d,0,1,10,3,2000,0.4,0.25,6,162.776
K_k6,MS36d,0,7,10,3,2000,0.4,0.25,6,159.277
K_k6,MS38d,0,1,10,3,2000,0.4,0.25,6,171.158
K_k6,MS38d,0,3,10,3,2000,0.4,0.25,6,172.344
K_k6,MS36d,0,9,10,3,2000,0.4,0.25,6,156.248
K_k6,MS35d,0,1,10,3,2000,0.4,0.25,6,121.504
K_k6,MS38d,0,7,10,3,2000,0.4,0.25,6,173.473
K_k6,MS38d,0,5,10,3,2000,0.4,0.25,6,170.728
K_k6,MS38d,0,9,10,3,2000,0.4,0.25,6,169.221
K_k6,MS39d,0,1,10,3,2000,0.4,0.25,6,227.175
K_k6,MS39d,0,3,10,3,2000,0.4,0.25,6,221.274
K_k6,MS39d,0,5,10,3,2000,0.4,0.25,6,223.168
K_k6,MS39d,0,7,10,3,2000,0.4,0.25,6,224.484
K_k6,MS37d,0,1,10,3,2000,0.4,0.25,6,148.364
K_k6,MS35d,0,7,10,3,2000,0.4,0.25,6,120.056
K_k6,MS37d,0,5,10,3,2000,0.4,0.25,6,148.246
K_k6,MS39d,0,9,10,3,2000,0.4,0.25,6,227.175
K_k6,MS37d,0,7,10,3,2000,0.4,0.25,6,149.007
K_k6,MS40d,0,1,10,3,2000,0.4,0.25,6,267.372
K_k6,MS40d,0,3,10,3,2000,0.4,0.25,6,270.625
K_k6,MS40d,0,5,10,3,2000,0.4,0.25,6,258.304
K_k6,MS40d,0,9,10,3,2000,0.4,0.25,6,252.977
K_k6,MS40d,0,7,10,3,2000,0.4,0.25,6,259.753
K_k6,MS35d,0,9,10,3,2000,0.4,0.25,6,119.855
K_k6,MS37d,0,9,10,3,2000,0.4,0.25,6,143.273
K_k6,MS41d,0,1,10,3,2000,0.4,0.25,6,288.791
K_k6,MS41d,0,5,10,3,2000,0.4,0.25,6,281.536
K_k6,MS41d,0,3,10,3,2000,0.4,0.25,6,281.401
K_k6,MS41d,0,7,10,3,2000,0.4,0.25,6,279.346
K_k6,MS41d,0,9,10,3,2000,0.4,0.25,6,284.895
K_k6,MS35d,0,3,10,3,2000,0.4,0.25,6,115.965
K_k8,MS1d,0,1,10,3,2000,0.4,0.25,8,170.908
K_k8,MS1d,0,3,10,3,2000,0.4,0.25,8,170.908
K_k8,MS1d,0,5,10,3,2000,0.4,0.25,8,170.908
K_k8,MS1d,0,7,10,3,2000,0.4,0.25,8,170.908
K_k8,MS1d,0,9,10,3,2000,0.4,0.25,8,170.908
K_k8,MS2d,0,1,10,3,2000,0.4,0.25,8,159.072
K_k8,MS2d,0,3,10,3,2000,0.4,0.25,8,159.072
K_k8,MS2d,0,5,10,3,2000,0.4,0.25,8,159.072
K_k6,MS42d,0,5,10,3,2000,0.4,0.25,6,384.364
K_k8,MS2d,0,7,10,3,2000,0.4,0.25,8,159.072
K_k8,MS2d,0,9,10,3,2000,0.4,0.25,8,159.072
K_k8,MS3d,0,1,10,3,2000,0.4,0.25,8,243.812
K_k6,MS42d,0,1,10,3,2000,0.4,0.25,6,384.538
K_k8,MS3d,0,3,10,3,2000,0.4,0.25,8,243.812
K_k8,MS3d,0,5,10,3,2000,0.4,0.25,8,243.812
K_k6,MS42d,0,3,10,3,2000,0.4,0.25,6,378.849
K_k8,MS3d,0,7,10,3,2000,0.4,0.25,8,243.812
K_k8,MS3d,0,9,10,3,2000,0.4,0.25,8,243.812
K_k6,MS43d,0,3,10,3,2000,0.4,0.25,6,406.855
K_k6,MS43d,0,1,10,3,2000,0.4,0.25,6,405.041
K_k6,MS42d,0,7,10,3,2000,0.4,0.25,6,383.568
K_k6,MS43d,0,5,10,3,2000,0.4,0.25,6,396.992
K_k6,MS43d,0,7,10,3,2000,0.4,0.25,6,404.435
K_k6,MS43d,0,9,10,3,2000,0.4,0.25,6,402.379
K_k8,MS5d,0,1,10,3,2000,0.4,0.25,8,365.82
K_k8,MS5d,0,3,10,3,2000,0.4,0.25,8,377.062
K_k8,MS5d,0,7,10,3,2000,0.4,0.25,8,380.393
K_k8,MS5d,0,5,10,3,2000,0.4,0.25,8,386.341
K_k8,MS5d,0,9,10,3,2000,0.4,0.25,8,377.684
K_k6,MS42d,0,9,10,3,2000,0.4,0.25,6,384.364
K_k8,MS7d,0,1,10,3,2000,0.4,0.25,8,191.42
K_k8,MS7d,0,3,10,3,2000,0.4,0.25,8,189.017
K_k8,MS7d,0,5,10,3,2000,0.4,0.25,8,191.42
K_k8,MS7d,0,7,10,3,2000,0.4,0.25,8,189.632
K_k8,MS7d,0,9,10,3,2000,0.4,0.25,8,191.42
K_k8,MS6d,0,1,10,3,2000,0.4,0.25,8,82.1867
K_k8,MS6d,0,3,10,3,2000,0.4,0.25,8,82.1867
K_k8,MS6d,0,5,10,3,2000,0.4,0.25,8,82.1867
K_k8,MS6d,0,7,10,3,2000,0.4,0.25,8,82.1867
K_k8,MS4d,0,3,10,3,2000,0.4,0.25,8,592.326
K_k8,MS4d,0,5,10,3,2000,0.4,0.25,8,570.281
K_k8,MS6d,0,9,10,3,2000,0.4,0.25,8,82.1867
K_k8,MS4d,0,1,10,3,2000,0.4,0.25,8,586.141
K_k8,MS4d,0,9,10,3,2000,0.4,0.25,8,585.024
K_k8,MS4d,0,7,10,3,2000,0.4,0.25,8,587.4
K_k8,MS8d,0,1,10,3,2000,0.4,0.25,8,237.524
K_k8,MS8d,0,5,10,3,2000,0.4,0.25,8,237.872
K_k8,MS8d,0,3,10,3,2000,0.4,0.25,8,233.116
K_k8,MS10d,0,1,10,3,2000,0.4,0.25,8,194.064
K_k8,MS8d,0,9,10,3,2000,0.4,0.25,8,237.872
K_k8,MS11d,0,1,10,3,2000,0.4,0.25,8,111.068
K_k8,MS9d,0,7,10,3,2000,0.4,0.25,8,169.281
K_k8,MS10d,0,3,10,3,2000,0.4,0.25,8,186.975
K_k8,MS9d,0,3,10,3,2000,0.4,0.25,8,168.857
K_k8,MS11d,0,3,10,3,2000,0.4,0.25,8,118.828
K_k8,MS9d,0,1,10,3,2000,0.4,0.25,8,165.774
K_k8,MS9d,0,9,10,3,2000,0.4,0.25,8,168.641
K_k8,MS8d,0,7,10,3,2000,0.4,0.25,8,237.872
K_k8,MS11d,0,5,10,3,2000,0.4,0.25,8,111.068
K_k8,MS11d,0,7,10,3,2000,0.4,0.25,8,115.16
K_k8,MS12d,0,1,10,3,2000,0.4,0.25,8,80.1899
K_k8,MS12d,0,3,10,3,2000,0.4,0.25,8,80.1899
K_k8,MS10d,0,5,10,3,2000,0.4,0.25,8,195.115
K_k8,MS11d,0,9,10,3,2000,0.4,0.25,8,114.02
K_k8,MS12d,0,7,10,3,2000,0.4,0.25,8,80.1899
K_k8,MS12d,0,5,10,3,2000,0.4,0.25,8,80.1899
K_k8,MS12d,0,9,10,3,2000,0.4,0.25,8,88.4747
K_k8,MS9d,0,5,10,3,2000,0.4,0.25,8,170.084
K_k6,MS35d,0,5,10,3,2000,0.4,0.25,6,116.467
K_k8,MS13d,0,3,10,3,2000,0.4,0.25,8,144.921
K_k8,MS13d,0,9,10,3,2000,0.4,0.25,8,140.963
K_k8,MS13d,0,7,10,3,2000,0.4,0.25,8,138.948
K_k8,MS13d,0,1,10,3,2000,0.4,0.25,8,140.439
K_k8,MS13d,0,5,10,3,2000,0.4,0.25,8,141.223
K_k8,MS14d,0,7,10,3,2000,0.4,0.25,8,143.746
K_k8,MS10d,0,7,10,3,2000,0.4,0.25,8,191.054
K_k8,MS14d,0,3,10,3,2000,0.4,0.25,8,144.712
K_k8,MS14d,0,1,10,3,2000,0.4,0.25,8,142.677
K_k8,MS15d,0,1,10,3,2000,0.4,0.25,8,121.075
K_k8,MS14d,0,5,10,3,2000,0.4,0.25,8,142.67
K_k8,MS14d,0,9,10,3,2000,0.4,0.25,8,142.677
K_k8,MS15d,0,7,10,3,2000,0.4,0.25,8,121.075
K_k8,MS15d,0,3,10,3,2000,0.4,0.25,8,120.812
K_k8,MS15d,0,5,10,3,2000,0.4,0.25,8,115.526
K_k8,MS15d,0,9,10,3,2000,0.4,0.25,8,121.075
K_k8,MS10d,0,9,10,3,2000,0.4,0.25,8,195.225
K_k8,MS16d,0,1,10,3,2000,0.4,0.25,8,124.913
K_k8,MS16d,0,9,10,3,2000,0.4,0.25,8,123.52
K_k8,MS16d,0,7,10,3,2000,0.4,0.25,8,122.258
K_k8,MS16d,0,3,10,3,2000,0.4,0.25,8,124.671
K_k8,MS16d,0,5,10,3,2000,0.4,0.25,8,121.798
K_k8,MS17d,0,1,10,3,2000,0.4,0.25,8,267.254
K_k8,MS17d,0,7,10,3,2000,0.4,0.25,8,273.427
K_k8,MS17d,0,5,10,3,2000,0.4,0.25,8,269.176
K_k8,MS17d,0,9,10,3,2000,0.4,0.25,8,269.809
K_k8,MS17d,0,3,10,3,2000,0.4,0.25,8,262.985
K_k8,MS18d,0,1,10,3,2000,0.4,0.25,8,455.68
K_k8,MS18d,0,3,10,3,2000,0.4,0.25,8,454.046
K_k8,MS18d,0,5,10,3,2000,0.4,0.25,8,456.962
K_k8,MS18d,0,7,10,3,2000,0.4,0.25,8,453.144
K_k8,MS18d,0,9,10,3,2000,0.4,0.25,8,458.087
K_k8,MS21d,0,3,10,3,2000,0.4,0.25,8,266.978
K_k8,MS21d,0,1,10,3,2000,0.4,0.25,8,272.694
K_k8,MS19d,0,3,10,3,2000,0.4,0.25,8,379.748
K_k8,MS21d,0,5,10,3,2000,0.4,0.25,8,266.978
K_k8,MS21d,0,7,10,3,2000,0.4,0.25,8,266.978
K_k8,MS19d,0,1,10,3,2000,0.4,0.25,8,392.002
K_k8,MS21d,0,9,10,3,2000,0.4,0.25,8,275.587
K_k8,MS22d,0,3,10,3,2000,0.4,0.25,8,420.325
K_k8,MS22d,0,1,10,3,2000,0.4,0.25,8,420.325
K_k8,MS22d,0,5,10,3,2000,0.4,0.25,8,419.287
K_k8,MS19d,0,9,10,3,2000,0.4,0.25,8,385.413
K_k8,MS19d,0,5,10,3,2000,0.4,0.25,8,373.286
K_k8,MS22d,0,7,10,3,2000,0.4,0.25,8,420.325
K_k8,MS19d,0,7,10,3,2000,0.4,0.25,8,373.18
K_k8,MS20d,0,1,10,3,2000,0.4,0.25,8,355.876
K_k8,MS23d,0,1,10,3,2000,0.4,0.25,8,387.777
K_k8,MS20d,0,3,10,3,2000,0.4,0.25,8,353.867
K_k8,MS23d,0,3,10,3,2000,0.4,0.25,8,387.777
K_k8,MS23d,0,5,10,3,2000,0.4,0.25,8,387.777
K_k8,MS23d,0,7,10,3,2000,0.4,0.25,8,387.777
K_k8,MS23d,0,9,10,3,2000,0.4,0.25,8,387.777
K_k8,MS22d,0,9,10,3,2000,0.4,0.25,8,420.325
K_k8,MS24d,0,1,10,3,2000,0.4,0.25,8,228.696
K_k8,MS25d,0,1,10,3,2000,0.4,0.25,8,244.656
K_k8,MS24d,0,3,10,3,2000,0.4,0.25,8,228.179
K_k8,MS20d,0,5,10,3,2000,0.4,0.25,8,354.036
K_k8,MS25d,0,3,10,3,2000,0.4,0.25,8,244.656
K_k8,MS24d,0,5,10,3,2000,0.4,0.25,8,227.15
K_k8,MS25d,0,5,10,3,2000,0.4,0.25,8,249.299
K_k8,MS24d,0,7,10,3,2000,0.4,0.25,8,228.696
K_k8,MS24d,0,9,10,3,2000,0.4,0.25,8,228.179
K_k8,MS20d,0,7,10,3,2000,0.4,0.25,8,360.407
K_k8,MS25d,0,7,10,3,2000,0.4,0.25,8,251.6
K_k8,MS25d,0,9,10,3,2000,0.4,0.25,8,244.656
K_k8,MS20d,0,9,10,3,2000,0.4,0.25,8,360.348
K_k8,MS27d,0,3,10,3,2000,0.4,0.25,8,350.111
K_k8,MS27d,0,1,10,3,2000,0.4,0.25,8,355.563
K_k8,MS27d,0,5,10,3,2000,0.4,0.25,8,357.368
K_k8,MS26d,0,5,10,3,2000,0.4,0.25,8,387.51
K_k8,MS26d,0,7,10,3,2000,0.4,0.25,8,396.564
K_k8,MS27d,0,7,10,3,2000,0.4,0.25,8,349.436
K_k8,MS26d,0,9,10,3,2000,0.4,0.25,8,395.248
K_k8,MS26d,0,1,10,3,2000,0.4,0.25,8,386.926
K_k8,MS26d,0,3,10,3,2000,0.4,0.25,8,380.317
K_k8,MS27d,0,9,10,3,2000,0.4,0.25,8,354.37
K_k8,MS30d,0,1,10,3,2000,0.4,0.25,8,157.899
K_k8,MS30d,0,3,10,3,2000,0.4,0.25,8,160.896
K_k8,MS30d,0,7,10,3,2000,0.4,0.25,8,160.896
K_k8,MS30d,0,5,10,3,2000,0.4,0.25,8,160.896
K_k8,MS31d,0,1,10,3,2000,0.4,0.25,8,130.227
K_k8,MS31d,0,3,10,3,2000,0.4,0.25,8,128.067
K_k8,MS29d,0,1,10,3,2000,0.4,0.25,8,409.059
K_k8,MS29d,0,5,10,3,2000,0.4,0.25,8,408.162
K_k8,MS29d,0,9,10,3,2000,0.4,0.25,8,412.88
K_k8,MS31d,0,5,10,3,2000,0.4,0.25,8,127.342
K_k8,MS30d,0,9,10,3,2000,0.4,0.25,8,160.896
K_k8,MS29d,0,3,10,3,2000,0.4,0.25,8,399.093
K_k8,MS32d,0,1,10,3,2000,0.4,0.25,8,101.186
K_k8,MS32d,0,3,10,3,2000,0.4,0.25,8,101.186
K_k8,MS29d,0,7,10,3,2000,0.4,0.25,8,406.998
K_k8,MS32d,0,5,10,3,2000,0.4,0.25,8,101.186
K_k8,MS32d,0,9,10,3,2000,0.4,0.25,8,101.186
K_k8,MS32d,0,7,10,3,2000,0.4,0.25,8,101.339
K_k8,MS31d,0,7,10,3,2000,0.4,0.25,8,124.067
K_k8,MS31d,0,9,10,3,2000,0.4,0.25,8,127.528
K_k8,MS28d,0,1,10,3,2000,0.4,0.25,8,396.141
K_k8,MS34d,0,1,10,3,2000,0.4,0.25,8,111.368
K_k8,MS34d,0,3,10,3,2000,0.4,0.25,8,108.317
K_k8,MS33d,0,1,10,3,2000,0.4,0.25,8,104.374
K_k8,MS33d,0,9,10,3,2000,0.4,0.25,8,100.35
K_k8,MS33d,0,5,10,3,2000,0.4,0.25,8,96.3772
K_k8,MS33d,0,3,10,3,2000,0.4,0.25,8,96.3772
K_k8,MS33d,0,7,10,3,2000,0.4,0.25,8,96.3772
K_k8,MS28d,0,3,10,3,2000,0.4,0.25,8,394.206
K_k8,MS28d,0,7,10,3,2000,0.4,0.25,8,410.121
K_k8,MS28d,0,5,10,3,2000,0.4,0.25,8,397.359
K_k8,MS28d,0,9,10,3,2000,0.4,0.25,8,401.953
K_k8,MS34d,0,5,10,3,2000,0.4,0.25,8,107.878
K_k8,MS34d,0,7,10,3,2000,0.4,0.25,8,108.317
K_k8,MS34d,0,9,10,3,2000,0.4,0.25,8,109.855
K_k8,MS36d,0,5,10,3,2000,0.4,0.25,8,153.544
K_k8,MS37d,0,3,10,3,2000,0.4,0.25,8,146.113
K_k8,MS37d,0,1,10,3,2000,0.4,0.25,8,147.937
K_k8,MS36d,0,1,10,3,2000,0.4,0.25,8,160.362
K_k8,MS38d,0,1,10,3,2000,0.4,0.25,8,175.487
K_k8,MS36d,0,3,10,3,2000,0.4,0.25,8,160.144
K_k8,MS36d,0,7,10,3,2000,0.4,0.25,8,160.574
K_k8,MS37d,0,5,10,3,2000,0.4,0.25,8,153.3
K_k8,MS36d,0,9,10,3,2000,0.4,0.25,8,162.201
K_k8,MS38d,0,3,10,3,2000,0.4,0.25,8,180.792
K_k8,MS38d,0,5,10,3,2000,0.4,0.25,8,176.039
K_k8,MS38d,0,7,10,3,2000,0.4,0.25,8,174.914
K_k8,MS37d,0,9,10,3,2000,0.4,0.25,8,148.163
K_k8,MS38d,0,9,10,3,2000,0.4,0.25,8,176.692
K_k8,MS39d,0,3,10,3,2000,0.4,0.25,8,221.274
K_k8,MS39d,0,1,10,3,2000,0.4,0.25,8,227.175
K_k8,MS39d,0,9,10,3,2000,0.4,0.25,8,227.175
K_k8,MS39d,0,5,10,3,2000,0.4,0.25,8,223.168
K_k8,MS39d,0,7,10,3,2000,0.4,0.25,8,224.484
K_k8,MS40d,0,1,10,3,2000,0.4,0.25,8,265.849
K_k8,MS40d,0,3,10,3,2000,0.4,0.25,8,259.692
K_k8,MS40d,0,5,10,3,2000,0.4,0.25,8,266.019
K_k8,MS40d,0,9,10,3,2000,0.4,0.25,8,269.645
K_k8,MS40d,0,7,10,3,2000,0.4,0.25,8,258.662
K_k8,MS37d,0,7,10,3,2000,0.4,0.25,8,147.91
K_k8,MS41d,0,1,10,3,2000,0.4,0.25,8,283.839
K_k8,MS41d,0,3,10,3,2000,0.4,0.25,8,281.036
K_k8,MS41d,0,5,10,3,2000,0.4,0.25,8,281.155
K_k8,MS41d,0,7,10,3,2000,0.4,0.25,8,279.476
K_k8,MS41d,0,9,10,3,2000,0.4,0.25,8,282.477
K_k8,MS42d,0,1,10,3,2000,0.4,0.25,8,374.971
K_k8,MS35d,0,5,10,3,2000,0.4,0.25,8,117.731
K_k8,MS43d,0,1,10,3,2000,0.4,0.25,8,406.977
K_k8,MS35d,0,9,10,3,2000,0.4,0.25,8,117.244
K_k8,MS43d,0,3,10,3,2000,0.4,0.25,8,402.031
K_k10,MS1d,0,1,10,3,2000,0.4,0.25,10,170.908
K_k10,MS1d,0,5,10,3,2000,0.4,0.25,10,170.908
K_k10,MS1d,0,3,10,3,2000,0.4,0.25,10,170.908
K_k10,MS1d,0,9,10,3,2000,0.4,0.25,10,170.908
K_k10,MS1d,0,7,10,3,2000,0.4,0.25,10,170.908
K_k10,MS2d,0,1,10,3,2000,0.4,0.25,10,155.578
K_k10,MS2d,0,3,10,3,2000,0.4,0.25,10,155.578
K_k10,MS2d,0,5,10,3,2000,0.4,0.25,10,164.582
K_k10,MS2d,0,7,10,3,2000,0.4,0.25,10,155.578
K_k10,MS2d,0,9,10,3,2000,0.4,0.25,10,155.578
K_k10,MS3d,0,1,10,3,2000,0.4,0.25,10,243.812
K_k10,MS3d,0,3,10,3,2000,0.4,0.25,10,243.812
K_k8,MS42d,0,3,10,3,2000,0.4,0.25,8,383.026
K_k10,MS3d,0,5,10,3,2000,0.4,0.25,10,243.812
K_k10,MS3d,0,7,10,3,2000,0.4,0.25,10,243.812
K_k10,MS3d,0,9,10,3,2000,0.4,0.25,10,243.812
K_k8,MS43d,0,5,10,3,2000,0.4,0.25,8,405.644
K_k8,MS42d,0,5,10,3,2000,0.4,0.25,8,381.341
K_k8,MS35d,0,7,10,3,2000,0.4,0.25,8,116.346
K_k8,MS43d,0,7,10,3,2000,0.4,0.25,8,398.314
K_k8,MS42d,0,7,10,3,2000,0.4,0.25,8,381.476
K_k8,MS43d,0,9,10,3,2000,0.4,0.25,8,408.628
K_k8,MS42d,0,9,10,3,2000,0.4,0.25,8,377.023
K_k8,MS35d,0,3,10,3,2000,0.4,0.25,8,116.664
K_k10,MS5d,0,1,10,3,2000,0.4,0.25,10,365.82
K_k10,MS5d,0,3,10,3,2000,0.4,0.25,10,377.062
K_k10,MS5d,0,5,10,3,2000,0.4,0.25,10,386.341
K_k10,MS5d,0,7,10,3,2000,0.4,0.25,10,380.393
K_k10,MS4d,0,1,10,3,2000,0.4,0.25,10,592.126
K_k10,MS5d,0,9,10,3,2000,0.4,0.25,10,377.684
K_k10,MS4d,0,3,10,3,2000,0.4,0.25,10,592.126
K_k10,MS7d,0,1,10,3,2000,0.4,0.25,10,191.42
K_k10,MS7d,0,3,10,3,2000,0.4,0.25,10,189.017
K_k10,MS6d,0,1,10,3,2000,0.4,0.25,10,82.1867
K_k10,MS7d,0,7,10,3,2000,0.4,0.25,10,189.632
K_k10,MS7d,0,5,10,3,2000,0.4,0.25,10,191.42
K_k10,MS7d,0,9,10,3,2000,0.4,0.25,10,191.42
K_k10,MS4d,0,5,10,3,2000,0.4,0.25,10,572.585
K_k10,MS4d,0,7,10,3,2000,0.4,0.25,10,583.565
K_k10,MS6d,0,3,10,3,2000,0.4,0.25,10,82.1867
K_k10,MS6d,0,5,10,3,2000,0.4,0.25,10,82.1867
K_k10,MS4d,0,9,10,3,2000,0.4,0.25,10,586.164
K_k10,MS6d,0,7,10,3,2000,0.4,0.25,10,82.1867
K_k10,MS6d,0,9,10,3,2000,0.4,0.25,10,82.1867
K_k10,MS8d,0,1,10,3,2000,0.4,0.25,10,237.524
K_k10,MS8d,0,5,10,3,2000,0.4,0.25,10,237.872
K_k10,MS8d,0,3,10,3,2000,0.4,0.25,10,233.116
K_k10,MS8d,0,9,10,3,2000,0.4,0.25,10,237.872
K_k10,MS10d,0,1,10,3,2000,0.4,0.25,10,194.064
K_k10,MS8d,0,7,10,3,2000,0.4,0.25,10,237.872
K_k10,MS9d,0,1,10,3,2000,0.4,0.25,10,165.774
K_k10,MS11d,0,1,10,3,2000,0.4,0.25,10,111.068
K_k10,MS11d,0,3,10,3,2000,0.4,0.25,10,118.828
K_k10,MS11d,0,5,10,3,2000,0.4,0.25,10,111.068
K_k10,MS11d,0,7,10,3,2000,0.4,0.25,10,115.16
K_k10,MS10d,0,5,10,3,2000,0.4,0.25,10,195.115
K_k10,MS9d,0,3,10,3,2000,0.4,0.25,10,168.857
K_k10,MS10d,0,3,10,3,2000,0.4,0.25,10,186.975
K_k10,MS12d,0,1,10,3,2000,0.4,0.25,10,80.1899
K_k10,MS11d,0,9,10,3,2000,0.4,0.25,10,114.02
K_k10,MS9d,0,7,10,3,2000,0.4,0.25,10,169.281
K_k10,MS12d,0,5,10,3,2000,0.4,0.25,10,80.1899
K_k10,MS12d,0,3,10,3,2000,0.4,0.25,10,80.1899
K_k10,MS12d,0,9,10,3,2000,0.4,0.25,10,88.4747
K_k10,MS12d,0,7,10,3,2000,0.4,0.25,10,80.1899
K_k10,MS9d,0,9,10,3,2000,0.4,0.25,10,168.641
K_k10,MS9d,0,5,10,3,2000,0.4,0.25,10,170.084
K_k10,MS13d,0,1,10,3,2000,0.4,0.25,10,140.439
K_k10,MS13d,0,7,10,3,2000,0.4,0.25,10,138.948
K_k10,MS13d,0,3,10,3,2000,0.4,0.25,10,144.921
K_k10,MS13d,0,9,10,3,2000,0.4,0.25,10,140.963
K_k10,MS13d,0,5,10,3,2000,0.4,0.25,10,141.223
K_k10,MS10d,0,7,10,3,2000,0.4,0.25,10,191.054
K_k10,MS14d,0,3,10,3,2000,0.4,0.25,10,144.712
K_k10,MS14d,0,7,10,3,2000,0.4,0.25,10,143.746
K_k10,MS14d,0,1,10,3,2000,0.4,0.25,10,142.677
K_k10,MS14d,0,5,10,3,2000,0.4,0.25,10,142.67
K_k10,MS15d,0,3,10,3,2000,0.4,0.25,10,120.812
K_k10,MS15d,0,1,10,3,2000,0.4,0.25,10,121.075
K_k10,MS15d,0,7,10,3,2000,0.4,0.25,10,121.075
K_k10,MS15d,0,9,10,3,2000,0.4,0.25,10,121.075
K_k10,MS15d,0,5,10,3,2000,0.4,0.25,10,115.526
K_k10,MS14d,0,9,10,3,2000,0.4,0.25,10,142.677
K_k8,MS35d,0,1,10,3,2000,0.4,0.25,8,119.633
K_k10,MS10d,0,9,10,3,2000,0.4,0.25,10,195.225
K_k10,MS16d,0,1,10,3,2000,0.4,0.25,10,125.633
K_k10,MS16d,0,7,10,3,2000,0.4,0.25,10,124.6
K_k10,MS16d,0,3,10,3,2000,0.4,0.25,10,122.254
K_k10,MS16d,0,9,10,3,2000,0.4,0.25,10,124.245
K_k10,MS16d,0,5,10,3,2000,0.4,0.25,10,121.708
K_k10,MS17d,0,7,10,3,2000,0.4,0.25,10,273.427
K_k10,MS17d,0,1,10,3,2000,0.4,0.25,10,267.254
K_k10,MS17d,0,9,10,3,2000,0.4,0.25,10,269.809
K_k10,MS17d,0,5,10,3,2000,0.4,0.25,10,269.176
K_k10,MS17d,0,3,10,3,2000,0.4,0.25,10,262.985
K_k10,MS18d,0,3,10,3,2000,0.4,0.25,10,454.046
K_k10,MS18d,0,7,10,3,2000,0.4,0.25,10,453.144
K_k10,MS18d,0,1,10,3,2000,0.4,0.25,10,455.68
K_k10,MS18d,0,5,10,3,2000,0.4,0.25,10,456.962
K_k10,MS18d,0,9,10,3,2000,0.4,0.25,10,458.087
K_k10,MS21d,0,1,10,3,2000,0.4,0.25,10,272.694
K_k10,MS21d,0,3,10,3,2000,0.4,0.25,10,266.978
K_k10,MS21d,0,5,10,3,2000,0.4,0.25,10,266.978
K_k10,MS19d,0,1,10,3,2000,0.4,0.25,10,381.979
K_k10,MS19d,0,3,10,3,2000,0.4,0.25,10,375.725
K_k10,MS21d,0,7,10,3,2000,0.4,0.25,10,266.978
K_k10,MS21d,0,9,10,3,2000,0.4,0.25,10,275.587
K_k10,MS22d,0,3,10,3,2000,0.4,0.25,10,420.537
K_k10,MS22d,0,1,10,3,2000,0.4,0.25,10,420.537
K_k10,MS22d,0,5,10,3,2000,0.4,0.25,10,419.622
K_k10,MS19d,0,9,10,3,2000,0.4,0.25,10,384.264
K_k10,MS19d,0,7,10,3,2000,0.4,0.25,10,383.341
K_k10,MS19d,0,5,10,3,2000,0.4,0.25,10,377.071
K_k10,MS22d,0,7,10,3,2000,0.4,0.25,10,426.621
K_k10,MS20d,0,1,10,3,2000,0.4,0.25,10,355.876
K_k10,MS23d,0,1,10,3,2000,0.4,0.25,10,387.777
K_k10,MS20d,0,3,10,3,2000,0.4,0.25,10,353.867
K_k10,MS23d,0,3,10,3,2000,0.4,0.25,10,387.777
K_k10,MS23d,0,5,10,3,2000,0.4,0.25,10,387.777
K_k10,MS23d,0,7,10,3,2000,0.4,0.25,10,387.777
K_k10,MS23d,0,9,10,3,2000,0.4,0.25,10,387.777
K_k10,MS22d,0,9,10,3,2000,0.4,0.25,10,420.537
K_k10,MS25d,0,1,10,3,2000,0.4,0.25,10,244.656
K_k10,MS24d,0,1,10,3,2000,0.4,0.25,10,228.696
K_k10,MS20d,0,5,10,3,2000,0.4,0.25,10,354.036
K_k10,MS25d,0,3,10,3,2000,0.4,0.25,10,244.656
K_k10,MS25d,0,5,10,3,2000,0.4,0.25,10,249.299
K_k10,MS24d,0,3,10,3,2000,0.4,0.25,10,228.179
K_k10,MS24d,0,5,10,3,2000,0.4,0.25,10,227.15
K_k10,MS24d,0,7,10,3,2000,0.4,0.25,10,228.696
K_k10,MS24d,0,9,10,3,2000,0.4,0.25,10,228.179
K_k10,MS20d,0,7,10,3,2000,0.4,0.25,10,360.407
K_k10,MS25d,0,7,10,3,2000,0.4,0.25,10,251.6
K_k10,MS25d,0,9,10,3,2000,0.4,0.25,10,244.656
K_k10,MS20d,0,9,10,3,2000,0.4,0.25,10,360.348
K_k10,MS27d,0,1,10,3,2000,0.4,0.25,10,355.563
K_k10,MS27d,0,3,10,3,2000,0.4,0.25,10,350.111
K_k10,MS27d,0,5,10,3,2000,0.4,0.25,10,357.368
K_k10,MS26d,0,5,10,3,2000,0.4,0.25,10,387.51
K_k10,MS26d,0,1,10,3,2000,0.4,0.25,10,386.926
K_k10,MS27d,0,7,10,3,2000,0.4,0.25,10,349.436
K_k10,MS26d,0,9,10,3,2000,0.4,0.25,10,395.248
K_k10,MS26d,0,7,10,3,2000,0.4,0.25,10,396.564
K_k10,MS26d,0,3,10,3,2000,0.4,0.25,10,380.317
K_k10,MS27d,0,9,10,3,2000,0.4,0.25,10,354.37
K_k10,MS30d,0,1,10,3,2000,0.4,0.25,10,157.899
K_k10,MS30d,0,3,10,3,2000,0.4,0.25,10,160.896
K_k10,MS30d,0,5,10,3,2000,0.4,0.25,10,160.896
K_k10,MS30d,0,7,10,3,2000,0.4,0.25,10,160.896
K_k10,MS31d,0,1,10,3,2000,0.4,0.25,10,130.227
K_k10,MS29d,0,1,10,3,2000,0.4,0.25,10,405.278
K_k10,MS31d,0,3,10,3,2000,0.4,0.25,10,128.067
K_k10,MS29d,0,5,10,3,2000,0.4,0.25,10,396.728
K_k10,MS29d,0,7,10,3,2000,0.4,0.25,10,407.298
K_k10,MS29d,0,3,10,3,2000,0.4,0.25,10,411.386
K_k10,MS32d,0,1,10,3,2000,0.4,0.25,10,101.186
K_k10,MS29d,0,9,10,3,2000,0.4,0.25,10,398.843
K_k10,MS31d,0,5,10,3,2000,0.4,0.25,10,127.342
K_k10,MS32d,0,5,10,3,2000,0.4,0.25,10,101.186
K_k10,MS32d,0,3,10,3,2000,0.4,0.25,10,101.186
K_k10,MS32d,0,7,10,3,2000,0.4,0.25,10,101.339
K_k10,MS31d,0,7,10,3,2000,0.4,0.25,10,124.067
K_k10,MS32d,0,9,10,3,2000,0.4,0.25,10,101.186
K_k10,MS30d,0,9,10,3,2000,0.4,0.25,10,160.896
K_k10,MS31d,0,9,10,3,2000,0.4,0.25,10,127.528
K_k10,MS34d,0,1,10,3,2000,0.4,0.25,10,111.368
K_k10,MS28d,0,3,10,3,2000,0.4,0.25,10,403.345
K_k10,MS34d,0,3,10,3,2000,0.4,0.25,10,108.317
K_k10,MS28d,0,1,10,3,2000,0.4,0.25,10,390.847
K_k10,MS28d,0,7,10,3,2000,0.4,0.25,10,NA
K_k10,MS33d,0,7,10,3,2000,0.4,0.25,10,100.469
K_k10,MS33d,0,1,10,3,2000,0.4,0.25,10,100.469
K_k10,MS33d,0,3,10,3,2000,0.4,0.25,10,100.469
K_k10,MS33d,0,9,10,3,2000,0.4,0.25,10,100.469
K_k10,MS33d,0,5,10,3,2000,0.4,0.25,10,100.469
K_k10,MS28d,0,5,10,3,2000,0.4,0.25,10,405.321
K_k10,MS28d,0,9,10,3,2000,0.4,0.25,10,411.426
K_k10,MS34d,0,9,10,3,2000,0.4,0.25,10,109.855
K_k10,MS34d,0,7,10,3,2000,0.4,0.25,10,108.317
K_k10,MS34d,0,5,10,3,2000,0.4,0.25,10,107.878
K_k10,MS37d,0,1,10,3,2000,0.4,0.25,10,143.98
K_k10,MS37d,0,3,10,3,2000,0.4,0.25,10,146.113
K_k10,MS36d,0,5,10,3,2000,0.4,0.25,10,153.544
K_k10,MS36d,0,1,10,3,2000,0.4,0.25,10,160.362
K_k10,MS37d,0,7,10,3,2000,0.4,0.25,10,151.03
K_k10,MS38d,0,1,10,3,2000,0.4,0.25,10,175.487
K_k10,MS36d,0,7,10,3,2000,0.4,0.25,10,160.574
K_k10,MS36d,0,3,10,3,2000,0.4,0.25,10,160.144
K_k10,MS38d,0,3,10,3,2000,0.4,0.25,10,180.792
K_k10,MS36d,0,9,10,3,2000,0.4,0.25,10,162.201
K_k10,MS38d,0,7,10,3,2000,0.4,0.25,10,174.914
K_k10,MS38d,0,5,10,3,2000,0.4,0.25,10,176.039
K_k10,MS38d,0,9,10,3,2000,0.4,0.25,10,176.692
K_k10,MS39d,0,3,10,3,2000,0.4,0.25,10,221.274
K_k10,MS39d,0,1,10,3,2000,0.4,0.25,10,227.175
K_k10,MS39d,0,5,10,3,2000,0.4,0.25,10,223.168
K_k10,MS39d,0,7,10,3,2000,0.4,0.25,10,224.484
K_k10,MS39d,0,9,10,3,2000,0.4,0.25,10,227.175
K_k10,MS40d,0,1,10,3,2000,0.4,0.25,10,265.849
K_k10,MS40d,0,3,10,3,2000,0.4,0.25,10,259.692
K_k10,MS40d,0,5,10,3,2000,0.4,0.25,10,266.019
K_k10,MS40d,0,7,10,3,2000,0.4,0.25,10,258.662
K_k10,MS40d,0,9,10,3,2000,0.4,0.25,10,269.645
K_k10,MS37d,0,9,10,3,2000,0.4,0.25,10,150.222
K_k10,MS37d,0,5,10,3,2000,0.4,0.25,10,149.557
K_k10,MS41d,0,1,10,3,2000,0.4,0.25,10,282.144
K_k10,MS41d,0,9,10,3,2000,0.4,0.25,10,283.417
K_k10,MS41d,0,5,10,3,2000,0.4,0.25,10,280.832
K_k10,MS41d,0,3,10,3,2000,0.4,0.25,10,281.188
K_k10,MS41d,0,7,10,3,2000,0.4,0.25,10,283.248
K_k10,MS42d,0,1,10,3,2000,0.4,0.25,10,374.971
K_k10,MS43d,0,1,10,3,2000,0.4,0.25,10,406.977
K_k10,MS35d,0,5,10,3,2000,0.4,0.25,10,117.731
K_k10,MS43d,0,3,10,3,2000,0.4,0.25,10,402.031
K_k12,MS1d,0,1,10,3,2000,0.4,0.25,12,170.908
K_k10,MS35d,0,9,10,3,2000,0.4,0.25,10,117.244
K_k12,MS1d,0,3,10,3,2000,0.4,0.25,12,170.908
K_k12,MS1d,0,5,10,3,2000,0.4,0.25,12,170.908
K_k12,MS1d,0,7,10,3,2000,0.4,0.25,12,170.908
K_k12,MS1d,0,9,10,3,2000,0.4,0.25,12,170.908
K_k12,MS2d,0,1,10,3,2000,0.4,0.25,12,161.62
K_k12,MS2d,0,3,10,3,2000,0.4,0.25,12,166.83
K_k12,MS2d,0,5,10,3,2000,0.4,0.25,12,164.307
K_k12,MS2d,0,7,10,3,2000,0.4,0.25,12,165.435
K_k12,MS2d,0,9,10,3,2000,0.4,0.25,12,166.034
K_k10,MS42d,0,3,10,3,2000,0.4,0.25,10,383.026
K_k12,MS3d,0,1,10,3,2000,0.4,0.25,12,265.875
K_k12,MS3d,0,3,10,3,2000,0.4,0.25,12,243.812
K_k12,MS3d,0,5,10,3,2000,0.4,0.25,12,257.614
K_k12,MS3d,0,7,10,3,2000,0.4,0.25,12,243.812
K_k12,MS3d,0,9,10,3,2000,0.4,0.25,12,244.173
K_k10,MS43d,0,5,10,3,2000,0.4,0.25,10,405.644
K_k10,MS35d,0,7,10,3,2000,0.4,0.25,10,116.346
K_k10,MS43d,0,7,10,3,2000,0.4,0.25,10,398.314
K_k10,MS43d,0,9,10,3,2000,0.4,0.25,10,408.628
K_k10,MS42d,0,5,10,3,2000,0.4,0.25,10,381.341
K_k10,MS42d,0,7,10,3,2000,0.4,0.25,10,381.476
K_k10,MS35d,0,1,10,3,2000,0.4,0.25,10,116.236
K_k10,MS42d,0,9,10,3,2000,0.4,0.25,10,377.023
K_k10,MS35d,0,3,10,3,2000,0.4,0.25,10,116.664
K_k12,MS5d,0,1,10,3,2000,0.4,0.25,12,375.654
K_k12,MS5d,0,3,10,3,2000,0.4,0.25,12,365.199
K_k12,MS5d,0,7,10,3,2000,0.4,0.25,12,377.668
K_k12,MS5d,0,5,10,3,2000,0.4,0.25,12,373.74
K_k12,MS4d,0,1,10,3,2000,0.4,0.25,12,586.004
K_k12,MS7d,0,1,10,3,2000,0.4,0.25,12,191.42
K_k12,MS7d,0,3,10,3,2000,0.4,0.25,12,189.017
K_k12,MS5d,0,9,10,3,2000,0.4,0.25,12,372.38
K_k12,MS7d,0,5,10,3,2000,0.4,0.25,12,191.42
K_k12,MS7d,0,7,10,3,2000,0.4,0.25,12,189.632
K_k12,MS7d,0,9,10,3,2000,0.4,0.25,12,191.42
K_k12,MS4d,0,3,10,3,2000,0.4,0.25,12,579.546
K_k12,MS4d,0,5,10,3,2000,0.4,0.25,12,588.443
K_k12,MS6d,0,1,10,3,2000,0.4,0.25,12,82.1867
K_k12,MS6d,0,3,10,3,2000,0.4,0.25,12,82.1867
K_k12,MS6d,0,5,10,3,2000,0.4,0.25,12,82.1867
K_k12,MS6d,0,7,10,3,2000,0.4,0.25,12,82.1867
K_k12,MS6d,0,9,10,3,2000,0.4,0.25,12,82.1867
K_k12,MS4d,0,7,10,3,2000,0.4,0.25,12,579.461
K_k12,MS8d,0,1,10,3,2000,0.4,0.25,12,237.524
K_k12,MS4d,0,9,10,3,2000,0.4,0.25,12,553.723
K_k12,MS8d,0,5,10,3,2000,0.4,0.25,12,237.872
K_k12,MS8d,0,3,10,3,2000,0.4,0.25,12,233.116
K_k12,MS8d,0,9,10,3,2000,0.4,0.25,12,237.872
K_k12,MS9d,0,1,10,3,2000,0.4,0.25,12,170.939
K_k12,MS11d,0,1,10,3,2000,0.4,0.25,12,111.068
K_k12,MS11d,0,3,10,3,2000,0.4,0.25,12,118.828
K_k12,MS8d,0,7,10,3,2000,0.4,0.25,12,237.872
K_k12,MS11d,0,5,10,3,2000,0.4,0.25,12,111.068
K_k12,MS9d,0,3,10,3,2000,0.4,0.25,12,162.852
K_k12,MS11d,0,7,10,3,2000,0.4,0.25,12,115.16
K_k12,MS12d,0,1,10,3,2000,0.4,0.25,12,80.1899
K_k12,MS12d,0,3,10,3,2000,0.4,0.25,12,80.1899
K_k12,MS12d,0,5,10,3,2000,0.4,0.25,12,80.1899
K_k12,MS11d,0,9,10,3,2000,0.4,0.25,12,114.02
K_k12,MS12d,0,7,10,3,2000,0.4,0.25,12,80.1899
K_k12,MS12d,0,9,10,3,2000,0.4,0.25,12,88.4747
K_k12,MS10d,0,5,10,3,2000,0.4,0.25,12,195.115
K_k12,MS10d,0,1,10,3,2000,0.4,0.25,12,194.064
K_k12,MS10d,0,3,10,3,2000,0.4,0.25,12,186.975
K_k12,MS13d,0,3,10,3,2000,0.4,0.25,12,144.921
K_k12,MS13d,0,1,10,3,2000,0.4,0.25,12,140.439
K_k12,MS13d,0,7,10,3,2000,0.4,0.25,12,138.948
K_k12,MS10d,0,7,10,3,2000,0.4,0.25,12,191.054
K_k12,MS13d,0,5,10,3,2000,0.4,0.25,12,141.223
K_k12,MS13d,0,9,10,3,2000,0.4,0.25,12,140.963
K_k12,MS14d,0,1,10,3,2000,0.4,0.25,12,142.677
K_k12,MS14d,0,3,10,3,2000,0.4,0.25,12,144.712
K_k12,MS14d,0,5,10,3,2000,0.4,0.25,12,142.67
K_k12,MS14d,0,7,10,3,2000,0.4,0.25,12,143.746
K_k12,MS15d,0,1,10,3,2000,0.4,0.25,12,121.136
K_k12,MS9d,0,5,10,3,2000,0.4,0.25,12,169.193
K_k12,MS15d,0,3,10,3,2000,0.4,0.25,12,119.652
K_k12,MS15d,0,5,10,3,2000,0.4,0.25,12,119.652
K_k12,MS14d,0,9,10,3,2000,0.4,0.25,12,142.677
K_k12,MS9d,0,9,10,3,2000,0.4,0.25,12,161.354
K_k12,MS15d,0,9,10,3,2000,0.4,0.25,12,119.652
K_k12,MS15d,0,7,10,3,2000,0.4,0.25,12,119.652
K_k12,MS9d,0,7,10,3,2000,0.4,0.25,12,167.07
K_k12,MS10d,0,9,10,3,2000,0.4,0.25,12,195.225
K_k12,MS16d,0,7,10,3,2000,0.4,0.25,12,121.7
K_k12,MS16d,0,3,10,3,2000,0.4,0.25,12,119.7
K_k12,MS16d,0,5,10,3,2000,0.4,0.25,12,123.352
K_k12,MS16d,0,1,10,3,2000,0.4,0.25,12,124.056
K_k12,MS16d,0,9,10,3,2000,0.4,0.25,12,122.063
K_k12,MS17d,0,7,10,3,2000,0.4,0.25,12,273.427
K_k12,MS17d,0,5,10,3,2000,0.4,0.25,12,269.176
K_k12,MS17d,0,1,10,3,2000,0.4,0.25,12,267.254
K_k12,MS17d,0,9,10,3,2000,0.4,0.25,12,269.809
K_k12,MS17d,0,3,10,3,2000,0.4,0.25,12,262.985
K_k12,MS18d,0,3,10,3,2000,0.4,0.25,12,454.046
K_k12,MS18d,0,1,10,3,2000,0.4,0.25,12,455.68
K_k12,MS18d,0,7,10,3,2000,0.4,0.25,12,453.144
K_k12,MS18d,0,5,10,3,2000,0.4,0.25,12,456.962
K_k12,MS18d,0,9,10,3,2000,0.4,0.25,12,458.087
K_k12,MS21d,0,1,10,3,2000,0.4,0.25,12,272.694
K_k12,MS19d,0,1,10,3,2000,0.4,0.25,12,388.523
K_k12,MS21d,0,3,10,3,2000,0.4,0.25,12,266.978
K_k12,MS19d,0,3,10,3,2000,0.4,0.25,12,378.119
K_k12,MS21d,0,5,10,3,2000,0.4,0.25,12,266.978
K_k12,MS21d,0,7,10,3,2000,0.4,0.25,12,266.978
K_k12,MS21d,0,9,10,3,2000,0.4,0.25,12,275.587
K_k12,MS22d,0,1,10,3,2000,0.4,0.25,12,420.537
K_k12,MS19d,0,9,10,3,2000,0.4,0.25,12,379.041
K_k12,MS19d,0,7,10,3,2000,0.4,0.25,12,394.73
K_k12,MS22d,0,3,10,3,2000,0.4,0.25,12,420.537
K_k12,MS22d,0,7,10,3,2000,0.4,0.25,12,426.621
K_k12,MS22d,0,5,10,3,2000,0.4,0.25,12,419.622
K_k12,MS19d,0,5,10,3,2000,0.4,0.25,12,374.875
K_k12,MS23d,0,1,10,3,2000,0.4,0.25,12,387.777
K_k12,MS23d,0,3,10,3,2000,0.4,0.25,12,387.777
K_k12,MS20d,0,1,10,3,2000,0.4,0.25,12,355.876
K_k12,MS23d,0,5,10,3,2000,0.4,0.25,12,387.777
K_k12,MS20d,0,3,10,3,2000,0.4,0.25,12,353.867
K_k12,MS23d,0,7,10,3,2000,0.4,0.25,12,387.777
K_k12,MS23d,0,9,10,3,2000,0.4,0.25,12,387.777
K_k12,MS22d,0,9,10,3,2000,0.4,0.25,12,420.537
K_k12,MS24d,0,1,10,3,2000,0.4,0.25,12,228.696
K_k12,MS25d,0,1,10,3,2000,0.4,0.25,12,249.643
K_k12,MS25d,0,5,10,3,2000,0.4,0.25,12,252.592
K_k12,MS24d,0,3,10,3,2000,0.4,0.25,12,228.179
K_k12,MS20d,0,5,10,3,2000,0.4,0.25,12,354.036
K_k12,MS25d,0,7,10,3,2000,0.4,0.25,12,252.592
K_k12,MS24d,0,5,10,3,2000,0.4,0.25,12,227.15
K_k12,MS24d,0,7,10,3,2000,0.4,0.25,12,228.696
K_k12,MS24d,0,9,10,3,2000,0.4,0.25,12,228.179
K_k12,MS20d,0,7,10,3,2000,0.4,0.25,12,360.407
K_k12,MS25d,0,3,10,3,2000,0.4,0.25,12,252.592
K_k12,MS25d,0,9,10,3,2000,0.4,0.25,12,252.592
K_k12,MS20d,0,9,10,3,2000,0.4,0.25,12,360.348
K_k12,MS26d,0,1,10,3,2000,0.4,0.25,12,386.926
K_k12,MS26d,0,5,10,3,2000,0.4,0.25,12,387.51
K_k12,MS27d,0,3,10,3,2000,0.4,0.25,12,358.53
K_k12,MS26d,0,7,10,3,2000,0.4,0.25,12,396.564
K_k12,MS27d,0,1,10,3,2000,0.4,0.25,12,351.46
K_k12,MS27d,0,5,10,3,2000,0.4,0.25,12,355.846
K_k12,MS27d,0,7,10,3,2000,0.4,0.25,12,355.207
K_k12,MS27d,0,9,10,3,2000,0.4,0.25,12,356.319
K_k12,MS26d,0,3,10,3,2000,0.4,0.25,12,380.317
K_k12,MS26d,0,9,10,3,2000,0.4,0.25,12,395.248
K_k12,MS30d,0,1,10,3,2000,0.4,0.25,12,157.899
K_k12,MS30d,0,3,10,3,2000,0.4,0.25,12,160.896
K_k12,MS30d,0,5,10,3,2000,0.4,0.25,12,160.896
K_k12,MS30d,0,7,10,3,2000,0.4,0.25,12,160.896
K_k12,MS31d,0,1,10,3,2000,0.4,0.25,12,133.362
K_k12,MS29d,0,1,10,3,2000,0.4,0.25,12,405.278
K_k12,MS31d,0,3,10,3,2000,0.4,0.25,12,125.276
K_k12,MS29d,0,5,10,3,2000,0.4,0.25,12,396.728
K_k12,MS29d,0,7,10,3,2000,0.4,0.25,12,407.298
K_k12,MS29d,0,3,10,3,2000,0.4,0.25,12,411.386
K_k12,MS29d,0,9,10,3,2000,0.4,0.25,12,398.843
K_k12,MS32d,0,1,10,3,2000,0.4,0.25,12,101.186
K_k12,MS30d,0,9,10,3,2000,0.4,0.25,12,160.896
K_k12,MS32d,0,3,10,3,2000,0.4,0.25,12,101.186
K_k12,MS32d,0,5,10,3,2000,0.4,0.25,12,101.186
K_k12,MS31d,0,5,10,3,2000,0.4,0.25,12,136.121
K_k12,MS31d,0,7,10,3,2000,0.4,0.25,12,132.31
K_k12,MS32d,0,7,10,3,2000,0.4,0.25,12,101.339
K_k12,MS32d,0,9,10,3,2000,0.4,0.25,12,101.186
K_k12,MS31d,0,9,10,3,2000,0.4,0.25,12,128.937
K_k12,MS34d,0,1,10,3,2000,0.4,0.25,12,111.368
K_k12,MS34d,0,3,10,3,2000,0.4,0.25,12,108.317
K_k12,MS28d,0,3,10,3,2000,0.4,0.25,12,403.345
K_k12,MS28d,0,1,10,3,2000,0.4,0.25,12,390.847
K_k12,MS33d,0,7,10,3,2000,0.4,0.25,12,100.469
K_k12,MS28d,0,7,10,3,2000,0.4,0.25,12,NA
K_k12,MS33d,0,3,10,3,2000,0.4,0.25,12,100.469
K_k12,MS33d,0,1,10,3,2000,0.4,0.25,12,100.469
K_k12,MS33d,0,9,10,3,2000,0.4,0.25,12,100.469
K_k12,MS33d,0,5,10,3,2000,0.4,0.25,12,100.469
K_k12,MS28d,0,5,10,3,2000,0.4,0.25,12,405.321
K_k12,MS28d,0,9,10,3,2000,0.4,0.25,12,411.426
K_k12,MS34d,0,5,10,3,2000,0.4,0.25,12,107.878
K_k12,MS34d,0,7,10,3,2000,0.4,0.25,12,108.317
K_k12,MS34d,0,9,10,3,2000,0.4,0.25,12,109.855
K_k12,MS37d,0,1,10,3,2000,0.4,0.25,12,147.026
K_k12,MS36d,0,5,10,3,2000,0.4,0.25,12,153.544
K_k12,MS36d,0,1,10,3,2000,0.4,0.25,12,160.362
K_k12,MS37d,0,5,10,3,2000,0.4,0.25,12,146.874
K_k12,MS38d,0,1,10,3,2000,0.4,0.25,12,177.016
K_k12,MS36d,0,3,10,3,2000,0.4,0.25,12,160.144
K_k12,MS37d,0,3,10,3,2000,0.4,0.25,12,145.82
K_k12,MS36d,0,7,10,3,2000,0.4,0.25,12,160.574
K_k12,MS37d,0,9,10,3,2000,0.4,0.25,12,147.206
K_k12,MS36d,0,9,10,3,2000,0.4,0.25,12,162.201
K_k12,MS38d,0,5,10,3,2000,0.4,0.25,12,176.421
K_k12,MS38d,0,3,10,3,2000,0.4,0.25,12,175.054
K_k12,MS38d,0,7,10,3,2000,0.4,0.25,12,174.474
K_k12,MS38d,0,9,10,3,2000,0.4,0.25,12,172.875
K_k12,MS39d,0,3,10,3,2000,0.4,0.25,12,221.274
K_k12,MS39d,0,1,10,3,2000,0.4,0.25,12,227.175
K_k12,MS39d,0,5,10,3,2000,0.4,0.25,12,223.168
K_k12,MS37d,0,7,10,3,2000,0.4,0.25,12,148.492
K_k12,MS39d,0,7,10,3,2000,0.4,0.25,12,224.484
K_k12,MS39d,0,9,10,3,2000,0.4,0.25,12,227.175
K_k12,MS40d,0,1,10,3,2000,0.4,0.25,12,261.557
K_k12,MS40d,0,3,10,3,2000,0.4,0.25,12,272.395
K_k12,MS40d,0,5,10,3,2000,0.4,0.25,12,258.061
K_k12,MS40d,0,7,10,3,2000,0.4,0.25,12,266.992
K_k12,MS40d,0,9,10,3,2000,0.4,0.25,12,260.874
K_k12,MS41d,0,1,10,3,2000,0.4,0.25,12,282.144
K_k12,MS41d,0,3,10,3,2000,0.4,0.25,12,281.188
K_k12,MS41d,0,5,10,3,2000,0.4,0.25,12,280.832
K_k12,MS41d,0,9,10,3,2000,0.4,0.25,12,283.417
K_k12,MS41d,0,7,10,3,2000,0.4,0.25,12,283.248
K_k12,MS42d,0,3,10,3,2000,0.4,0.25,12,383.026
K_k12,MS42d,0,1,10,3,2000,0.4,0.25,12,374.971
K_k12,MS43d,0,1,10,3,2000,0.4,0.25,12,406.977
K_k12,MS43d,0,3,10,3,2000,0.4,0.25,12,402.031
K_k12,MS35d,0,5,10,3,2000,0.4,0.25,12,117.731
K_k12,MS35d,0,9,10,3,2000,0.4,0.25,12,117.244
K_k12,MS43d,0,7,10,3,2000,0.4,0.25,12,398.314
K_k12,MS43d,0,5,10,3,2000,0.4,0.25,12,405.644
K_k12,MS42d,0,5,10,3,2000,0.4,0.25,12,381.341
K_k12,MS42d,0,7,10,3,2000,0.4,0.25,12,381.476
K_k12,MS43d,0,9,10,3,2000,0.4,0.25,12,408.628
K_k12,MS42d,0,9,10,3,2000,0.4,0.25,12,377.023
K_k12,MS35d,0,7,10,3,2000,0.4,0.25,12,116.346
B_w0.50,MS37d,0,6,10,0,2000,0.4,0.50,6,NA
K_k12,MS35d,0,3,10,3,2000,0.4,0.25,12,116.664
K_k12,MS35d,0,1,10,3,2000,0.4,0.25,12,118.607
K_k4,MS1d,0,2,10,3,2000,0.4,0.25,4,170.908
K_k4,MS1d,0,10,10,3,2000,0.4,0.25,4,170.908
K_k4,MS1d,0,4,10,3,2000,0.4,0.25,4,170.908
K_k4,MS1d,0,6,10,3,2000,0.4,0.25,4,170.908
K_k4,MS1d,0,8,10,3,2000,0.4,0.25,4,170.908
K_k4,MS2d,0,8,10,3,2000,0.4,0.25,4,163.455
K_k4,MS2d,0,6,10,3,2000,0.4,0.25,4,161.993
K_k4,MS2d,0,2,10,3,2000,0.4,0.25,4,162.691
K_k4,MS2d,0,10,10,3,2000,0.4,0.25,4,157.713
K_k4,MS2d,0,4,10,3,2000,0.4,0.25,4,163.455
K_k4,MS3d,0,2,10,3,2000,0.4,0.25,4,248.986
K_k4,MS3d,0,4,10,3,2000,0.4,0.25,4,249.056
K_k4,MS3d,0,8,10,3,2000,0.4,0.25,4,249.056
K_k4,MS3d,0,10,10,3,2000,0.4,0.25,4,249.056
K_k4,MS3d,0,6,10,3,2000,0.4,0.25,4,249.056
K_k4,MS5d,0,4,10,3,2000,0.4,0.25,4,383.942
K_k4,MS5d,0,2,10,3,2000,0.4,0.25,4,372.383
K_k4,MS5d,0,10,10,3,2000,0.4,0.25,4,383.511
K_k4,MS5d,0,6,10,3,2000,0.4,0.25,4,372.217
K_k4,MS5d,0,8,10,3,2000,0.4,0.25,4,387.675
K_k4,MS7d,0,4,10,3,2000,0.4,0.25,4,190.214
K_k4,MS7d,0,2,10,3,2000,0.4,0.25,4,189.017
K_k4,MS6d,0,4,10,3,2000,0.4,0.25,4,82.1867
K_k4,MS6d,0,2,10,3,2000,0.4,0.25,4,82.1867
K_k4,MS7d,0,6,10,3,2000,0.4,0.25,4,191.42
K_k4,MS7d,0,8,10,3,2000,0.4,0.25,4,189.017
K_k4,MS7d,0,10,10,3,2000,0.4,0.25,4,190.214
K_k4,MS8d,0,8,10,3,2000,0.4,0.25,4,236.368
K_k4,MS8d,0,4,10,3,2000,0.4,0.25,4,244.518
K_k4,MS6d,0,6,10,3,2000,0.4,0.25,4,82.1867
K_k4,MS6d,0,8,10,3,2000,0.4,0.25,4,82.1867
K_k4,MS6d,0,10,10,3,2000,0.4,0.25,4,82.1867
K_k4,MS8d,0,2,10,3,2000,0.4,0.25,4,231.97
K_k4,MS8d,0,6,10,3,2000,0.4,0.25,4,234.257
K_k4,MS4d,0,4,10,3,2000,0.4,0.25,4,598.628
K_k4,MS4d,0,10,10,3,2000,0.4,0.25,4,572.834
K_k4,MS4d,0,2,10,3,2000,0.4,0.25,4,574.796
K_k4,MS4d,0,8,10,3,2000,0.4,0.25,4,585.301
K_k4,MS4d,0,6,10,3,2000,0.4,0.25,4,563.102
K_k4,MS11d,0,2,10,3,2000,0.4,0.25,4,111.068
K_k4,MS11d,0,4,10,3,2000,0.4,0.25,4,111.068
K_k4,MS11d,0,6,10,3,2000,0.4,0.25,4,113.684
K_k4,MS11d,0,8,10,3,2000,0.4,0.25,4,111.068
K_k4,MS10d,0,2,10,3,2000,0.4,0.25,4,199.585
K_k4,MS11d,0,10,10,3,2000,0.4,0.25,4,111.068
K_k4,MS12d,0,2,10,3,2000,0.4,0.25,4,80.1899
K_k4,MS10d,0,10,10,3,2000,0.4,0.25,4,194.711
K_k4,MS12d,0,4,10,3,2000,0.4,0.25,4,88.4747
K_k4,MS12d,0,6,10,3,2000,0.4,0.25,4,81.2993
K_k4,MS12d,0,8,10,3,2000,0.4,0.25,4,80.1899
K_k4,MS10d,0,4,10,3,2000,0.4,0.25,4,191.74
K_k4,MS12d,0,10,10,3,2000,0.4,0.25,4,80.0769
K_k4,MS8d,0,10,10,3,2000,0.4,0.25,4,241.031
K_k4,MS10d,0,8,10,3,2000,0.4,0.25,4,207.163
K_k4,MS9d,0,2,10,3,2000,0.4,0.25,4,167.858
K_k4,MS9d,0,4,10,3,2000,0.4,0.25,4,168.426
K_k4,MS14d,0,2,10,3,2000,0.4,0.25,4,141.642
K_k4,MS9d,0,6,10,3,2000,0.4,0.25,4,168.426
K_k4,MS10d,0,6,10,3,2000,0.4,0.25,4,192.765
K_k4,MS9d,0,10,10,3,2000,0.4,0.25,4,167.829
K_k4,MS14d,0,4,10,3,2000,0.4,0.25,4,146.587
K_k4,MS9d,0,8,10,3,2000,0.4,0.25,4,167.891
K_k4,MS13d,0,4,10,3,2000,0.4,0.25,4,143.134
K_k4,MS15d,0,2,10,3,2000,0.4,0.25,4,116.639
K_k4,MS14d,0,6,10,3,2000,0.4,0.25,4,146.565
K_k4,MS14d,0,10,10,3,2000,0.4,0.25,4,144.208
K_k4,MS15d,0,4,10,3,2000,0.4,0.25,4,120.195
K_k4,MS13d,0,10,10,3,2000,0.4,0.25,4,139.167
K_k4,MS15d,0,6,10,3,2000,0.4,0.25,4,116.639
K_k4,MS13d,0,8,10,3,2000,0.4,0.25,4,138.92
K_k4,MS14d,0,8,10,3,2000,0.4,0.25,4,146.643
K_k4,MS13d,0,2,10,3,2000,0.4,0.25,4,136.112
K_k4,MS13d,0,6,10,3,2000,0.4,0.25,4,142.225
K_k4,MS15d,0,10,10,3,2000,0.4,0.25,4,120.37
K_k4,MS15d,0,8,10,3,2000,0.4,0.25,4,117.629
K_k4,MS16d,0,2,10,3,2000,0.4,0.25,4,123.632
K_k4,MS16d,0,4,10,3,2000,0.4,0.25,4,119.668
K_k4,MS16d,0,6,10,3,2000,0.4,0.25,4,122.658
K_k4,MS16d,0,8,10,3,2000,0.4,0.25,4,123.081
K_k4,MS16d,0,10,10,3,2000,0.4,0.25,4,124.179
K_k4,MS17d,0,4,10,3,2000,0.4,0.25,4,263.857
K_k4,MS17d,0,10,10,3,2000,0.4,0.25,4,270.438
K_k4,MS17d,0,2,10,3,2000,0.4,0.25,4,270.639
K_k4,MS17d,0,8,10,3,2000,0.4,0.25,4,270.251
K_k4,MS17d,0,6,10,3,2000,0.4,0.25,4,267.285
K_k4,MS18d,0,2,10,3,2000,0.4,0.25,4,455.379
K_k4,MS18d,0,4,10,3,2000,0.4,0.25,4,454.482
K_k4,MS18d,0,6,10,3,2000,0.4,0.25,4,451.268
K_k4,MS18d,0,10,10,3,2000,0.4,0.25,4,454.117
K_k4,MS18d,0,8,10,3,2000,0.4,0.25,4,455.843
K_k4,MS21d,0,2,10,3,2000,0.4,0.25,4,266.095
K_k4,MS21d,0,4,10,3,2000,0.4,0.25,4,266.095
K_k4,MS19d,0,4,10,3,2000,0.4,0.25,4,400.618
K_k4,MS19d,0,2,10,3,2000,0.4,0.25,4,392.255
K_k4,MS21d,0,6,10,3,2000,0.4,0.25,4,266.095
K_k4,MS21d,0,8,10,3,2000,0.4,0.25,4,266.095
K_k4,MS21d,0,10,10,3,2000,0.4,0.25,4,266.095
K_k4,MS22d,0,2,10,3,2000,0.4,0.25,4,425.341
K_k4,MS22d,0,4,10,3,2000,0.4,0.25,4,412.326
K_k4,MS22d,0,6,10,3,2000,0.4,0.25,4,425.341
K_k4,MS19d,0,6,10,3,2000,0.4,0.25,4,367.716
K_k4,MS22d,0,8,10,3,2000,0.4,0.25,4,412.326
K_k4,MS19d,0,10,10,3,2000,0.4,0.25,4,392.037
K_k4,MS23d,0,2,10,3,2000,0.4,0.25,4,389.767
K_k4,MS19d,0,8,10,3,2000,0.4,0.25,4,387.319
K_k4,MS23d,0,4,10,3,2000,0.4,0.25,4,389.767
K_k4,MS20d,0,2,10,3,2000,0.4,0.25,4,352.639
K_k4,MS20d,0,4,10,3,2000,0.4,0.25,4,348.988
K_k4,MS23d,0,6,10,3,2000,0.4,0.25,4,389.767
K_k4,MS23d,0,8,10,3,2000,0.4,0.25,4,389.767
K_k4,MS23d,0,10,10,3,2000,0.4,0.25,4,389.767
K_k4,MS22d,0,10,10,3,2000,0.4,0.25,4,425.341
K_k4,MS25d,0,2,10,3,2000,0.4,0.25,4,253.178
K_k4,MS24d,0,2,10,3,2000,0.4,0.25,4,224.752
K_k4,MS25d,0,4,10,3,2000,0.4,0.25,4,254.782
K_k4,MS24d,0,4,10,3,2000,0.4,0.25,4,226.895
K_k4,MS24d,0,6,10,3,2000,0.4,0.25,4,227.75
K_k4,MS25d,0,6,10,3,2000,0.4,0.25,4,259.195
K_k4,MS24d,0,8,10,3,2000,0.4,0.25,4,227.75
K_k4,MS20d,0,8,10,3,2000,0.4,0.25,4,352.81
K_k4,MS25d,0,8,10,3,2000,0.4,0.25,4,253.178
K_k4,MS20d,0,6,10,3,2000,0.4,0.25,4,355.253
K_k4,MS24d,0,10,10,3,2000,0.4,0.25,4,229.747
K_k4,MS25d,0,10,10,3,2000,0.4,0.25,4,253.178
K_k4,MS20d,0,10,10,3,2000,0.4,0.25,4,357.017
K_k4,MS27d,0,4,10,3,2000,0.4,0.25,4,347.181
K_k4,MS27d,0,6,10,3,2000,0.4,0.25,4,359.617
K_k4,MS27d,0,8,10,3,2000,0.4,0.25,4,348.443
K_k4,MS27d,0,2,10,3,2000,0.4,0.25,4,358.513
K_k4,MS26d,0,4,10,3,2000,0.4,0.25,4,379.395
K_k4,MS26d,0,2,10,3,2000,0.4,0.25,4,387.012
K_k4,MS27d,0,10,10,3,2000,0.4,0.25,4,343.641
K_k4,MS26d,0,6,10,3,2000,0.4,0.25,4,395.68
K_k4,MS26d,0,8,10,3,2000,0.4,0.25,4,392.053
K_k4,MS26d,0,10,10,3,2000,0.4,0.25,4,386.222
K_k4,MS30d,0,4,10,3,2000,0.4,0.25,4,157.687
K_k4,MS30d,0,2,10,3,2000,0.4,0.25,4,161.791
K_k4,MS30d,0,6,10,3,2000,0.4,0.25,4,154.539
K_k4,MS30d,0,8,10,3,2000,0.4,0.25,4,161.735
K_k4,MS29d,0,8,10,3,2000,0.4,0.25,4,420.231
K_k4,MS29d,0,4,10,3,2000,0.4,0.25,4,408.652
K_k4,MS29d,0,6,10,3,2000,0.4,0.25,4,403.325
K_k4,MS29d,0,2,10,3,2000,0.4,0.25,4,404.058
K_k4,MS29d,0,10,10,3,2000,0.4,0.25,4,414.63
K_k4,MS31d,0,6,10,3,2000,0.4,0.25,4,124.7
K_k4,MS31d,0,2,10,3,2000,0.4,0.25,4,126.499
K_k4,MS32d,0,2,10,3,2000,0.4,0.25,4,101.339
K_k4,MS31d,0,4,10,3,2000,0.4,0.25,4,128.402
K_k4,MS31d,0,10,10,3,2000,0.4,0.25,4,128.037
K_k4,MS31d,0,8,10,3,2000,0.4,0.25,4,132.657
K_k4,MS32d,0,4,10,3,2000,0.4,0.25,4,101.339
K_k4,MS32d,0,8,10,3,2000,0.4,0.25,4,101.339
K_k4,MS32d,0,6,10,3,2000,0.4,0.25,4,101.339
K_k4,MS32d,0,10,10,3,2000,0.4,0.25,4,101.339
K_k4,MS30d,0,10,10,3,2000,0.4,0.25,4,159.97
K_k4,MS34d,0,2,10,3,2000,0.4,0.25,4,98.1977
K_k4,MS28d,0,2,10,3,2000,0.4,0.25,4,407.42
K_k4,MS28d,0,4,10,3,2000,0.4,0.25,4,404.35
K_k4,MS34d,0,4,10,3,2000,0.4,0.25,4,98.1977
K_k4,MS28d,0,8,10,3,2000,0.4,0.25,4,401.886
K_k4,MS28d,0,6,10,3,2000,0.4,0.25,4,397.677
K_k4,MS33d,0,6,10,3,2000,0.4,0.25,4,94.539
K_k4,MS33d,0,2,10,3,2000,0.4,0.25,4,94.539
K_k4,MS33d,0,10,10,3,2000,0.4,0.25,4,94.539
K_k4,MS33d,0,4,10,3,2000,0.4,0.25,4,94.539
K_k4,MS33d,0,8,10,3,2000,0.4,0.25,4,94.539
K_k4,MS28d,0,10,10,3,2000,0.4,0.25,4,394.219
K_k4,MS34d,0,6,10,3,2000,0.4,0.25,4,97.3571
K_k4,MS34d,0,8,10,3,2000,0.4,0.25,4,100.976
K_k4,MS34d,0,10,10,3,2000,0.4,0.25,4,99.9874
K_k4,MS36d,0,6,10,3,2000,0.4,0.25,4,161.713
K_k4,MS36d,0,10,10,3,2000,0.4,0.25,4,161.131
K_k4,MS36d,0,8,10,3,2000,0.4,0.25,4,157.397
K_k4,MS36d,0,4,10,3,2000,0.4,0.25,4,158.405
K_k4,MS36d,0,2,10,3,2000,0.4,0.25,4,159.485
K_k4,MS38d,0,2,10,3,2000,0.4,0.25,4,178.705
K_k4,MS38d,0,6,10,3,2000,0.4,0.25,4,178.657
K_k4,MS38d,0,4,10,3,2000,0.4,0.25,4,178.104
K_k4,MS37d,0,2,10,3,2000,0.4,0.25,4,145.761
K_k4,MS37d,0,4,10,3,2000,0.4,0.25,4,152.256
K_k4,MS38d,0,8,10,3,2000,0.4,0.25,4,175.221
K_k4,MS38d,0,10,10,3,2000,0.4,0.25,4,184.286
K_k4,MS35d,0,8,10,3,2000,0.4,0.25,4,117.751
K_k4,MS37d,0,6,10,3,2000,0.4,0.25,4,149.874
K_k4,MS39d,0,4,10,3,2000,0.4,0.25,4,220.115
K_k4,MS39d,0,6,10,3,2000,0.4,0.25,4,220.176
K_k4,MS39d,0,2,10,3,2000,0.4,0.25,4,223.229
K_k4,MS39d,0,8,10,3,2000,0.4,0.25,4,216.516
K_k4,MS39d,0,10,10,3,2000,0.4,0.25,4,224.39
K_k4,MS35d,0,2,10,3,2000,0.4,0.25,4,116.891
K_k4,MS40d,0,2,10,3,2000,0.4,0.25,4,262.491
K_k4,MS40d,0,4,10,3,2000,0.4,0.25,4,272.696
K_k4,MS40d,0,8,10,3,2000,0.4,0.25,4,253.913
K_k4,MS40d,0,6,10,3,2000,0.4,0.25,4,253.913
K_k4,MS37d,0,8,10,3,2000,0.4,0.25,4,142.315
K_k4,MS40d,0,10,10,3,2000,0.4,0.25,4,253.913
K_k4,MS35d,0,4,10,3,2000,0.4,0.25,4,116.482
K_k4,MS37d,0,10,10,3,2000,0.4,0.25,4,146.785
K_k4,MS41d,0,2,10,3,2000,0.4,0.25,4,286.241
K_k4,MS41d,0,4,10,3,2000,0.4,0.25,4,283.333
K_k4,MS35d,0,10,10,3,2000,0.4,0.25,4,117.3
K_k4,MS41d,0,6,10,3,2000,0.4,0.25,4,288.758
K_k4,MS41d,0,8,10,3,2000,0.4,0.25,4,277.986
K_k4,MS41d,0,10,10,3,2000,0.4,0.25,4,278.073
K_k6,MS1d,0,2,10,3,2000,0.4,0.25,6,170.908
K_k6,MS1d,0,4,10,3,2000,0.4,0.25,6,170.908
K_k6,MS1d,0,6,10,3,2000,0.4,0.25,6,170.908
K_k6,MS1d,0,8,10,3,2000,0.4,0.25,6,170.908
K_k6,MS1d,0,10,10,3,2000,0.4,0.25,6,170.908
K_k6,MS2d,0,2,10,3,2000,0.4,0.25,6,160.245
K_k6,MS2d,0,4,10,3,2000,0.4,0.25,6,159.072
K_k6,MS2d,0,6,10,3,2000,0.4,0.25,6,159.072
K_k6,MS2d,0,8,10,3,2000,0.4,0.25,6,159.072
K_k6,MS2d,0,10,10,3,2000,0.4,0.25,6,159.268
K_k4,MS42d,0,2,10,3,2000,0.4,0.25,4,391.499
K_k6,MS3d,0,2,10,3,2000,0.4,0.25,6,243.812
K_k6,MS3d,0,4,10,3,2000,0.4,0.25,6,243.812
K_k6,MS3d,0,6,10,3,2000,0.4,0.25,6,243.812
K_k6,MS3d,0,8,10,3,2000,0.4,0.25,6,244.173
K_k4,MS42d,0,6,10,3,2000,0.4,0.25,4,379.645
K_k4,MS42d,0,4,10,3,2000,0.4,0.25,4,383.837
K_k4,MS42d,0,8,10,3,2000,0.4,0.25,4,379.645
K_k6,MS3d,0,10,10,3,2000,0.4,0.25,6,243.812
K_k4,MS43d,0,2,10,3,2000,0.4,0.25,4,394.227
K_k4,MS43d,0,4,10,3,2000,0.4,0.25,4,401.208
K_k4,MS43d,0,6,10,3,2000,0.4,0.25,4,404.197
K_k4,MS43d,0,8,10,3,2000,0.4,0.25,4,401.597
K_k4,MS43d,0,10,10,3,2000,0.4,0.25,4,407.537
K_k6,MS5d,0,2,10,3,2000,0.4,0.25,6,386.341
K_k6,MS5d,0,4,10,3,2000,0.4,0.25,6,372.38
K_k6,MS5d,0,6,10,3,2000,0.4,0.25,6,336.655
K_k6,MS5d,0,8,10,3,2000,0.4,0.25,6,378.292
K_k6,MS5d,0,10,10,3,2000,0.4,0.25,6,378.292
K_k4,MS42d,0,10,10,3,2000,0.4,0.25,4,381.456
K_k6,MS7d,0,2,10,3,2000,0.4,0.25,6,189.017
K_k6,MS6d,0,2,10,3,2000,0.4,0.25,6,82.1867
K_k6,MS7d,0,4,10,3,2000,0.4,0.25,6,190.214
K_k6,MS7d,0,6,10,3,2000,0.4,0.25,6,191.42
K_k6,MS6d,0,4,10,3,2000,0.4,0.25,6,82.1867
K_k6,MS7d,0,10,10,3,2000,0.4,0.25,6,190.214
K_k6,MS7d,0,8,10,3,2000,0.4,0.25,6,189.017
K_k6,MS4d,0,2,10,3,2000,0.4,0.25,6,595.114
K_k6,MS4d,0,4,10,3,2000,0.4,0.25,6,586.16
K_k6,MS4d,0,8,10,3,2000,0.4,0.25,6,585.258
K_k6,MS4d,0,6,10,3,2000,0.4,0.25,6,589.906
K_k6,MS6d,0,6,10,3,2000,0.4,0.25,6,82.1867
K_k6,MS6d,0,8,10,3,2000,0.4,0.25,6,82.1867
K_k6,MS4d,0,10,10,3,2000,0.4,0.25,6,568.511
K_k6,MS8d,0,4,10,3,2000,0.4,0.25,6,238.548
K_k6,MS6d,0,10,10,3,2000,0.4,0.25,6,82.1867
K_k6,MS8d,0,6,10,3,2000,0.4,0.25,6,239.747
K_k6,MS8d,0,2,10,3,2000,0.4,0.25,6,244.643
K_k6,MS10d,0,2,10,3,2000,0.4,0.25,6,199.585
K_k6,MS8d,0,10,10,3,2000,0.4,0.25,6,244.892
K_k6,MS11d,0,2,10,3,2000,0.4,0.25,6,111.516
K_k6,MS8d,0,8,10,3,2000,0.4,0.25,6,233.193
K_k6,MS11d,0,4,10,3,2000,0.4,0.25,6,114.013
K_k6,MS10d,0,4,10,3,2000,0.4,0.25,6,190.303
K_k6,MS11d,0,6,10,3,2000,0.4,0.25,6,111.516
K_k6,MS11d,0,8,10,3,2000,0.4,0.25,6,120.376
K_k6,MS11d,0,10,10,3,2000,0.4,0.25,6,111.068
K_k6,MS12d,0,2,10,3,2000,0.4,0.25,6,80.1899
K_k6,MS12d,0,4,10,3,2000,0.4,0.25,6,88.4747
K_k6,MS12d,0,6,10,3,2000,0.4,0.25,6,81.2993
K_k6,MS12d,0,8,10,3,2000,0.4,0.25,6,80.1899
K_k6,MS10d,0,8,10,3,2000,0.4,0.25,6,194.261
K_k6,MS12d,0,10,10,3,2000,0.4,0.25,6,80.0769
K_k6,MS13d,0,4,10,3,2000,0.4,0.25,6,148.444
K_k6,MS13d,0,2,10,3,2000,0.4,0.25,6,145.262
K_k6,MS13d,0,6,10,3,2000,0.4,0.25,6,139.932
K_k6,MS13d,0,8,10,3,2000,0.4,0.25,6,141.031
K_k6,MS9d,0,6,10,3,2000,0.4,0.25,6,167.586
K_k6,MS10d,0,6,10,3,2000,0.4,0.25,6,186.854
K_k6,MS13d,0,10,10,3,2000,0.4,0.25,6,149.151
K_k6,MS14d,0,2,10,3,2000,0.4,0.25,6,144.981
K_k6,MS9d,0,2,10,3,2000,0.4,0.25,6,167.4
K_k6,MS9d,0,8,10,3,2000,0.4,0.25,6,165.336
K_k6,MS14d,0,4,10,3,2000,0.4,0.25,6,146.307
K_k6,MS15d,0,2,10,3,2000,0.4,0.25,6,115.69
K_k6,MS14d,0,6,10,3,2000,0.4,0.25,6,147.558
K_k6,MS15d,0,4,10,3,2000,0.4,0.25,6,118.355
K_k6,MS15d,0,6,10,3,2000,0.4,0.25,6,114.854
K_k6,MS15d,0,8,10,3,2000,0.4,0.25,6,115.69
K_k6,MS14d,0,8,10,3,2000,0.4,0.25,6,144.781
K_k6,MS9d,0,4,10,3,2000,0.4,0.25,6,168.639
K_k6,MS14d,0,10,10,3,2000,0.4,0.25,6,148.487
K_k6,MS15d,0,10,10,3,2000,0.4,0.25,6,121.266
K_k6,MS10d,0,10,10,3,2000,0.4,0.25,6,191.509
K_k6,MS9d,0,10,10,3,2000,0.4,0.25,6,165.507
K_k6,MS16d,0,2,10,3,2000,0.4,0.25,6,120.893
K_k6,MS16d,0,4,10,3,2000,0.4,0.25,6,121.855
K_k6,MS16d,0,6,10,3,2000,0.4,0.25,6,121.569
K_k6,MS16d,0,10,10,3,2000,0.4,0.25,6,124.12
K_k6,MS16d,0,8,10,3,2000,0.4,0.25,6,120.893
K_k4,MS35d,0,6,10,3,2000,0.4,0.25,4,112.852
K_k6,MS17d,0,4,10,3,2000,0.4,0.25,6,268.444
K_k6,MS17d,0,6,10,3,2000,0.4,0.25,6,267.099
K_k6,MS17d,0,10,10,3,2000,0.4,0.25,6,262.968
K_k6,MS17d,0,2,10,3,2000,0.4,0.25,6,268.444
K_k6,MS17d,0,8,10,3,2000,0.4,0.25,6,268.444
K_k6,MS18d,0,2,10,3,2000,0.4,0.25,6,458.408
K_k6,MS18d,0,10,10,3,2000,0.4,0.25,6,451.913
K_k6,MS18d,0,6,10,3,2000,0.4,0.25,6,439.514
K_k6,MS18d,0,8,10,3,2000,0.4,0.25,6,458.844
K_k6,MS18d,0,4,10,3,2000,0.4,0.25,6,454.011
K_k6,MS21d,0,2,10,3,2000,0.4,0.25,6,266.978
K_k6,MS21d,0,4,10,3,2000,0.4,0.25,6,267.479
K_k6,MS21d,0,6,10,3,2000,0.4,0.25,6,273.354
K_k6,MS21d,0,8,10,3,2000,0.4,0.25,6,266.978
K_k6,MS19d,0,2,10,3,2000,0.4,0.25,6,384.13
K_k6,MS21d,0,10,10,3,2000,0.4,0.25,6,279.255
K_k6,MS19d,0,4,10,3,2000,0.4,0.25,6,373.951
K_k6,MS22d,0,2,10,3,2000,0.4,0.25,6,425.341
K_k6,MS22d,0,4,10,3,2000,0.4,0.25,6,412.326
K_k6,MS19d,0,6,10,3,2000,0.4,0.25,6,379.74
K_k6,MS22d,0,6,10,3,2000,0.4,0.25,6,425.341
K_k6,MS19d,0,8,10,3,2000,0.4,0.25,6,373.928
K_k6,MS23d,0,2,10,3,2000,0.4,0.25,6,387.777
K_k6,MS20d,0,2,10,3,2000,0.4,0.25,6,353.856
K_k6,MS19d,0,10,10,3,2000,0.4,0.25,6,387.656
K_k6,MS23d,0,4,10,3,2000,0.4,0.25,6,387.777
K_k6,MS20d,0,4,10,3,2000,0.4,0.25,6,355.692
K_k6,MS23d,0,6,10,3,2000,0.4,0.25,6,387.777
K_k6,MS22d,0,8,10,3,2000,0.4,0.25,6,412.326
K_k6,MS23d,0,8,10,3,2000,0.4,0.25,6,387.777
K_k6,MS23d,0,10,10,3,2000,0.4,0.25,6,387.777
K_k6,MS22d,0,10,10,3,2000,0.4,0.25,6,425.341
K_k6,MS25d,0,2,10,3,2000,0.4,0.25,6,253.178
K_k6,MS25d,0,4,10,3,2000,0.4,0.25,6,254.782
K_k6,MS24d,0,4,10,3,2000,0.4,0.25,6,226.895
K_k6,MS25d,0,6,10,3,2000,0.4,0.25,6,259.195
K_k6,MS24d,0,2,10,3,2000,0.4,0.25,6,224.752
K_k6,MS25d,0,8,10,3,2000,0.4,0.25,6,253.178
K_k6,MS20d,0,6,10,3,2000,0.4,0.25,6,353.397
K_k6,MS24d,0,6,10,3,2000,0.4,0.25,6,227.75
K_k6,MS24d,0,8,10,3,2000,0.4,0.25,6,227.75
K_k6,MS24d,0,10,10,3,2000,0.4,0.25,6,229.747
K_k6,MS20d,0,8,10,3,2000,0.4,0.25,6,348.539
K_k6,MS20d,0,10,10,3,2000,0.4,0.25,6,350.499
K_k6,MS25d,0,10,10,3,2000,0.4,0.25,6,253.178
K_k6,MS27d,0,2,10,3,2000,0.4,0.25,6,343.7
K_k6,MS27d,0,6,10,3,2000,0.4,0.25,6,351.489
K_k6,MS27d,0,4,10,3,2000,0.4,0.25,6,348.607
K_k6,MS26d,0,4,10,3,2000,0.4,0.25,6,379.395
K_k6,MS26d,0,6,10,3,2000,0.4,0.25,6,395.68
K_k6,MS26d,0,2,10,3,2000,0.4,0.25,6,387.012
K_k6,MS26d,0,10,10,3,2000,0.4,0.25,6,386.222
K_k6,MS26d,0,8,10,3,2000,0.4,0.25,6,392.053
K_k6,MS27d,0,8,10,3,2000,0.4,0.25,6,355.144
K_k6,MS27d,0,10,10,3,2000,0.4,0.25,6,348.559
K_k6,MS30d,0,4,10,3,2000,0.4,0.25,6,165.362
K_k6,MS30d,0,2,10,3,2000,0.4,0.25,6,168.717
K_k6,MS30d,0,6,10,3,2000,0.4,0.25,6,165.473
K_k6,MS30d,0,8,10,3,2000,0.4,0.25,6,164.341
K_k6,MS31d,0,2,10,3,2000,0.4,0.25,6,129.562
K_k6,MS29d,0,2,10,3,2000,0.4,0.25,6,410.882
K_k6,MS31d,0,4,10,3,2000,0.4,0.25,6,130.488
K_k6,MS29d,0,10,10,3,2000,0.4,0.25,6,416.128
K_k6,MS29d,0,4,10,3,2000,0.4,0.25,6,408.318
K_k6,MS29d,0,6,10,3,2000,0.4,0.25,6,410.688
K_k6,MS32d,0,2,10,3,2000,0.4,0.25,6,101.186
K_k6,MS29d,0,8,10,3,2000,0.4,0.25,6,401.497
K_k6,MS31d,0,6,10,3,2000,0.4,0.25,6,124.7
K_k6,MS32d,0,4,10,3,2000,0.4,0.25,6,101.186
K_k6,MS32d,0,8,10,3,2000,0.4,0.25,6,101.186
K_k6,MS32d,0,6,10,3,2000,0.4,0.25,6,101.186
K_k6,MS32d,0,10,10,3,2000,0.4,0.25,6,101.186
K_k6,MS30d,0,10,10,3,2000,0.4,0.25,6,165.387
K_k6,MS31d,0,8,10,3,2000,0.4,0.25,6,124.09
K_k6,MS31d,0,10,10,3,2000,0.4,0.25,6,129.273
K_k6,MS28d,0,2,10,3,2000,0.4,0.25,6,410.046
K_k6,MS34d,0,2,10,3,2000,0.4,0.25,6,99.1151
K_k6,MS34d,0,4,10,3,2000,0.4,0.25,6,99.3553
K_k6,MS33d,0,2,10,3,2000,0.4,0.25,6,106.144
K_k6,MS33d,0,8,10,3,2000,0.4,0.25,6,96.3772
K_k6,MS28d,0,4,10,3,2000,0.4,0.25,6,407.497
K_k6,MS33d,0,10,10,3,2000,0.4,0.25,6,96.3772
K_k6,MS33d,0,4,10,3,2000,0.4,0.25,6,96.3772
K_k6,MS28d,0,8,10,3,2000,0.4,0.25,6,405.857
K_k6,MS33d,0,6,10,3,2000,0.4,0.25,6,96.3772
K_k6,MS28d,0,6,10,3,2000,0.4,0.25,6,400.745
K_k6,MS34d,0,6,10,3,2000,0.4,0.25,6,100.027
K_k6,MS34d,0,8,10,3,2000,0.4,0.25,6,100.027
K_k6,MS28d,0,10,10,3,2000,0.4,0.25,6,401.515
K_k6,MS34d,0,10,10,3,2000,0.4,0.25,6,100.027
K_k6,MS36d,0,6,10,3,2000,0.4,0.25,6,157.948
K_k6,MS36d,0,2,10,3,2000,0.4,0.25,6,158.173
K_k6,MS36d,0,4,10,3,2000,0.4,0.25,6,159.698
K_k6,MS36d,0,8,10,3,2000,0.4,0.25,6,154.848
K_k6,MS37d,0,4,10,3,2000,0.4,0.25,6,148.771
K_k6,MS37d,0,6,10,3,2000,0.4,0.25,6,149.959
K_k6,MS38d,0,2,10,3,2000,0.4,0.25,6,173.25
K_k6,MS38d,0,4,10,3,2000,0.4,0.25,6,170.117
K_k6,MS38d,0,6,10,3,2000,0.4,0.25,6,169.715
K_k6,MS38d,0,8,10,3,2000,0.4,0.25,6,168.482
K_k6,MS37d,0,2,10,3,2000,0.4,0.25,6,143.788
K_k6,MS38d,0,10,10,3,2000,0.4,0.25,6,169.377
K_k6,MS39d,0,2,10,3,2000,0.4,0.25,6,225.704
K_k6,MS35d,0,8,10,3,2000,0.4,0.25,6,117.751
K_k6,MS39d,0,4,10,3,2000,0.4,0.25,6,223.974
K_k6,MS39d,0,6,10,3,2000,0.4,0.25,6,227.028
K_k6,MS39d,0,8,10,3,2000,0.4,0.25,6,226.438
K_k6,MS36d,0,10,10,3,2000,0.4,0.25,6,157.343
K_k6,MS39d,0,10,10,3,2000,0.4,0.25,6,227.175
K_k6,MS40d,0,4,10,3,2000,0.4,0.25,6,267.438
K_k6,MS35d,0,2,10,3,2000,0.4,0.25,6,116.891
K_k6,MS40d,0,2,10,3,2000,0.4,0.25,6,253.913
K_k6,MS40d,0,6,10,3,2000,0.4,0.25,6,269.148
K_k6,MS40d,0,8,10,3,2000,0.4,0.25,6,265.311
K_k6,MS40d,0,10,10,3,2000,0.4,0.25,6,262.782
K_k6,MS35d,0,4,10,3,2000,0.4,0.25,6,116.482
K_k6,MS37d,0,10,10,3,2000,0.4,0.25,6,144.461
K_k6,MS37d,0,8,10,3,2000,0.4,0.25,6,148.963
K_k6,MS41d,0,2,10,3,2000,0.4,0.25,6,284.58
K_k6,MS41d,0,4,10,3,2000,0.4,0.25,6,282.18
K_k6,MS41d,0,6,10,3,2000,0.4,0.25,6,279.54
K_k6,MS35d,0,10,10,3,2000,0.4,0.25,6,117.3
K_k6,MS41d,0,8,10,3,2000,0.4,0.25,6,278.127
K_k6,MS41d,0,10,10,3,2000,0.4,0.25,6,282.928
K_k8,MS1d,0,2,10,3,2000,0.4,0.25,8,170.908
K_k8,MS1d,0,4,10,3,2000,0.4,0.25,8,170.908
K_k8,MS1d,0,6,10,3,2000,0.4,0.25,8,170.908
K_k8,MS1d,0,8,10,3,2000,0.4,0.25,8,170.908
K_k8,MS1d,0,10,10,3,2000,0.4,0.25,8,170.908
K_k8,MS2d,0,2,10,3,2000,0.4,0.25,8,160.245
K_k8,MS2d,0,4,10,3,2000,0.4,0.25,8,159.072
K_k8,MS2d,0,6,10,3,2000,0.4,0.25,8,159.072
K_k8,MS2d,0,8,10,3,2000,0.4,0.25,8,159.072
K_k8,MS2d,0,10,10,3,2000,0.4,0.25,8,159.268
K_k6,MS42d,0,2,10,3,2000,0.4,0.25,6,372.937
K_k8,MS3d,0,2,10,3,2000,0.4,0.25,8,243.812
K_k8,MS3d,0,4,10,3,2000,0.4,0.25,8,243.812
K_k8,MS3d,0,6,10,3,2000,0.4,0.25,8,243.812
K_k8,MS3d,0,8,10,3,2000,0.4,0.25,8,244.173
K_k8,MS3d,0,10,10,3,2000,0.4,0.25,8,243.812
K_k6,MS42d,0,6,10,3,2000,0.4,0.25,6,378.767
K_k6,MS43d,0,2,10,3,2000,0.4,0.25,6,407.354
K_k6,MS42d,0,4,10,3,2000,0.4,0.25,6,380.736
K_k6,MS43d,0,4,10,3,2000,0.4,0.25,6,377.323
K_k6,MS43d,0,8,10,3,2000,0.4,0.25,6,404.03
K_k6,MS43d,0,6,10,3,2000,0.4,0.25,6,407.057
K_k6,MS43d,0,10,10,3,2000,0.4,0.25,6,400.385
K_k6,MS42d,0,8,10,3,2000,0.4,0.25,6,384.364
K_k8,MS5d,0,2,10,3,2000,0.4,0.25,8,374.305
K_k8,MS5d,0,4,10,3,2000,0.4,0.25,8,376.603
K_k8,MS5d,0,6,10,3,2000,0.4,0.25,8,376.764
K_k8,MS5d,0,8,10,3,2000,0.4,0.25,8,335.709
K_k6,MS42d,0,10,10,3,2000,0.4,0.25,6,380.732
K_k8,MS5d,0,10,10,3,2000,0.4,0.25,8,364.23
K_k8,MS7d,0,2,10,3,2000,0.4,0.25,8,189.017
K_k8,MS4d,0,2,10,3,2000,0.4,0.25,8,595.114
K_k8,MS7d,0,4,10,3,2000,0.4,0.25,8,190.214
K_k8,MS7d,0,6,10,3,2000,0.4,0.25,8,191.42
K_k8,MS7d,0,8,10,3,2000,0.4,0.25,8,189.017
K_k8,MS6d,0,2,10,3,2000,0.4,0.25,8,82.1867
K_k8,MS6d,0,4,10,3,2000,0.4,0.25,8,82.1867
K_k8,MS4d,0,4,10,3,2000,0.4,0.25,8,586.16
K_k8,MS7d,0,10,10,3,2000,0.4,0.25,8,190.214
K_k8,MS6d,0,6,10,3,2000,0.4,0.25,8,82.1867
K_k8,MS4d,0,6,10,3,2000,0.4,0.25,8,589.906
K_k8,MS4d,0,8,10,3,2000,0.4,0.25,8,585.258
K_k8,MS6d,0,8,10,3,2000,0.4,0.25,8,82.1867
K_k8,MS4d,0,10,10,3,2000,0.4,0.25,8,568.511
K_k8,MS6d,0,10,10,3,2000,0.4,0.25,8,82.1867
K_k6,MS35d,0,6,10,3,2000,0.4,0.25,6,121.348
K_k8,MS8d,0,8,10,3,2000,0.4,0.25,8,237.872
K_k8,MS10d,0,2,10,3,2000,0.4,0.25,8,199.585
K_k8,MS8d,0,2,10,3,2000,0.4,0.25,8,237.872
K_k8,MS8d,0,6,10,3,2000,0.4,0.25,8,223.448
K_k8,MS8d,0,4,10,3,2000,0.4,0.25,8,237.115
K_k8,MS11d,0,2,10,3,2000,0.4,0.25,8,111.516
K_k8,MS8d,0,10,10,3,2000,0.4,0.25,8,237.872
K_k8,MS11d,0,4,10,3,2000,0.4,0.25,8,114.013
K_k8,MS11d,0,6,10,3,2000,0.4,0.25,8,111.516
K_k8,MS11d,0,8,10,3,2000,0.4,0.25,8,120.376
K_k8,MS11d,0,10,10,3,2000,0.4,0.25,8,111.068
K_k8,MS12d,0,2,10,3,2000,0.4,0.25,8,80.1899
K_k8,MS9d,0,2,10,3,2000,0.4,0.25,8,167.4
K_k8,MS12d,0,4,10,3,2000,0.4,0.25,8,88.4747
K_k8,MS12d,0,6,10,3,2000,0.4,0.25,8,81.2993
K_k8,MS12d,0,8,10,3,2000,0.4,0.25,8,80.1899
K_k8,MS12d,0,10,10,3,2000,0.4,0.25,8,80.0769
K_k8,MS13d,0,4,10,3,2000,0.4,0.25,8,148.444
K_k8,MS10d,0,4,10,3,2000,0.4,0.25,8,190.303
K_k8,MS13d,0,2,10,3,2000,0.4,0.25,8,145.262
K_k8,MS13d,0,8,10,3,2000,0.4,0.25,8,141.031
K_k8,MS13d,0,6,10,3,2000,0.4,0.25,8,139.932
K_k8,MS14d,0,4,10,3,2000,0.4,0.25,8,142.15
K_k8,MS13d,0,10,10,3,2000,0.4,0.25,8,149.151
K_k8,MS9d,0,4,10,3,2000,0.4,0.25,8,168.639
K_k8,MS9d,0,6,10,3,2000,0.4,0.25,8,167.586
K_k8,MS10d,0,8,10,3,2000,0.4,0.25,8,194.261
K_k8,MS14d,0,2,10,3,2000,0.4,0.25,8,145.531
K_k8,MS9d,0,8,10,3,2000,0.4,0.25,8,165.336
K_k8,MS14d,0,8,10,3,2000,0.4,0.25,8,145.531
K_k8,MS15d,0,2,10,3,2000,0.4,0.25,8,121.075
K_k8,MS14d,0,10,10,3,2000,0.4,0.25,8,144.344
K_k8,MS14d,0,6,10,3,2000,0.4,0.25,8,143.861
K_k8,MS15d,0,8,10,3,2000,0.4,0.25,8,118.58
K_k8,MS15d,0,6,10,3,2000,0.4,0.25,8,120.812
K_k8,MS15d,0,4,10,3,2000,0.4,0.25,8,117.562
K_k8,MS15d,0,10,10,3,2000,0.4,0.25,8,120.46
K_k8,MS10d,0,6,10,3,2000,0.4,0.25,8,186.854
K_k8,MS9d,0,10,10,3,2000,0.4,0.25,8,165.507
K_k8,MS10d,0,10,10,3,2000,0.4,0.25,8,191.509
K_k8,MS16d,0,2,10,3,2000,0.4,0.25,8,120.088
K_k8,MS16d,0,6,10,3,2000,0.4,0.25,8,122.791
K_k8,MS16d,0,8,10,3,2000,0.4,0.25,8,124.674
K_k8,MS16d,0,4,10,3,2000,0.4,0.25,8,125.404
K_k8,MS16d,0,10,10,3,2000,0.4,0.25,8,121.095
K_k8,MS17d,0,6,10,3,2000,0.4,0.25,8,269.146
K_k8,MS17d,0,2,10,3,2000,0.4,0.25,8,268.062
K_k8,MS17d,0,8,10,3,2000,0.4,0.25,8,271.486
K_k8,MS17d,0,4,10,3,2000,0.4,0.25,8,271.354
K_k8,MS17d,0,10,10,3,2000,0.4,0.25,8,263.038
K_k8,MS18d,0,2,10,3,2000,0.4,0.25,8,458.408
K_k8,MS18d,0,4,10,3,2000,0.4,0.25,8,454.011
K_k8,MS18d,0,6,10,3,2000,0.4,0.25,8,439.514
K_k8,MS18d,0,8,10,3,2000,0.4,0.25,8,458.844
K_k8,MS18d,0,10,10,3,2000,0.4,0.25,8,451.913
K_k8,MS21d,0,2,10,3,2000,0.4,0.25,8,266.978
K_k8,MS21d,0,4,10,3,2000,0.4,0.25,8,267.479
K_k8,MS21d,0,6,10,3,2000,0.4,0.25,8,273.354
K_k8,MS21d,0,8,10,3,2000,0.4,0.25,8,266.978
K_k8,MS19d,0,2,10,3,2000,0.4,0.25,8,384.13
K_k8,MS21d,0,10,10,3,2000,0.4,0.25,8,279.255
K_k8,MS19d,0,4,10,3,2000,0.4,0.25,8,373.951
K_k8,MS22d,0,2,10,3,2000,0.4,0.25,8,411.083
K_k8,MS22d,0,4,10,3,2000,0.4,0.25,8,420.325
K_k8,MS22d,0,6,10,3,2000,0.4,0.25,8,420.325
K_k8,MS19d,0,8,10,3,2000,0.4,0.25,8,373.928
K_k8,MS19d,0,6,10,3,2000,0.4,0.25,8,379.74
K_k8,MS22d,0,8,10,3,2000,0.4,0.25,8,420.325
K_k8,MS20d,0,2,10,3,2000,0.4,0.25,8,359.843
K_k8,MS20d,0,4,10,3,2000,0.4,0.25,8,364.336
K_k8,MS23d,0,2,10,3,2000,0.4,0.25,8,387.777
K_k8,MS19d,0,10,10,3,2000,0.4,0.25,8,387.656
K_k8,MS23d,0,4,10,3,2000,0.4,0.25,8,387.777
K_k8,MS23d,0,8,10,3,2000,0.4,0.25,8,387.777
K_k8,MS23d,0,6,10,3,2000,0.4,0.25,8,387.777
K_k8,MS23d,0,10,10,3,2000,0.4,0.25,8,387.777
K_k8,MS22d,0,10,10,3,2000,0.4,0.25,8,410.841
K_k8,MS24d,0,2,10,3,2000,0.4,0.25,8,228.179
K_k8,MS24d,0,4,10,3,2000,0.4,0.25,8,224.049
K_k8,MS25d,0,2,10,3,2000,0.4,0.25,8,256.32
K_k8,MS24d,0,6,10,3,2000,0.4,0.25,8,228.079
K_k8,MS25d,0,4,10,3,2000,0.4,0.25,8,251.6
K_k8,MS25d,0,6,10,3,2000,0.4,0.25,8,244.656
K_k8,MS20d,0,6,10,3,2000,0.4,0.25,8,359.251
K_k8,MS25d,0,8,10,3,2000,0.4,0.25,8,244.656
K_k8,MS20d,0,8,10,3,2000,0.4,0.25,8,355.735
K_k8,MS24d,0,8,10,3,2000,0.4,0.25,8,228.179
K_k8,MS20d,0,10,10,3,2000,0.4,0.25,8,344.788
K_k8,MS24d,0,10,10,3,2000,0.4,0.25,8,224.049
K_k8,MS25d,0,10,10,3,2000,0.4,0.25,8,251.288
K_k8,MS27d,0,4,10,3,2000,0.4,0.25,8,345.051
K_k8,MS27d,0,2,10,3,2000,0.4,0.25,8,365.553
K_k8,MS27d,0,6,10,3,2000,0.4,0.25,8,355.67
K_k8,MS27d,0,8,10,3,2000,0.4,0.25,8,352.115
K_k8,MS26d,0,2,10,3,2000,0.4,0.25,8,387.889
K_k8,MS26d,0,8,10,3,2000,0.4,0.25,8,381.896
K_k8,MS27d,0,10,10,3,2000,0.4,0.25,8,358.373
K_k8,MS26d,0,4,10,3,2000,0.4,0.25,8,397.593
K_k8,MS26d,0,6,10,3,2000,0.4,0.25,8,398.764
K_k8,MS26d,0,10,10,3,2000,0.4,0.25,8,385.808
K_k8,MS30d,0,2,10,3,2000,0.4,0.25,8,160.896
K_k8,MS30d,0,4,10,3,2000,0.4,0.25,8,160.896
K_k8,MS30d,0,6,10,3,2000,0.4,0.25,8,160.753
K_k8,MS30d,0,8,10,3,2000,0.4,0.25,8,160.896
K_k8,MS31d,0,2,10,3,2000,0.4,0.25,8,129.562
K_k8,MS29d,0,2,10,3,2000,0.4,0.25,8,410.882
K_k8,MS29d,0,6,10,3,2000,0.4,0.25,8,410.688
K_k8,MS29d,0,4,10,3,2000,0.4,0.25,8,408.318
K_k8,MS31d,0,4,10,3,2000,0.4,0.25,8,130.488
K_k8,MS29d,0,10,10,3,2000,0.4,0.25,8,416.128
K_k8,MS30d,0,10,10,3,2000,0.4,0.25,8,160.896
K_k8,MS32d,0,4,10,3,2000,0.4,0.25,8,101.186
K_k8,MS32d,0,2,10,3,2000,0.4,0.25,8,101.186
K_k8,MS29d,0,8,10,3,2000,0.4,0.25,8,401.497
K_k8,MS31d,0,6,10,3,2000,0.4,0.25,8,124.7
K_k8,MS32d,0,8,10,3,2000,0.4,0.25,8,101.186
K_k8,MS32d,0,6,10,3,2000,0.4,0.25,8,101.186
K_k8,MS32d,0,10,10,3,2000,0.4,0.25,8,101.186
K_k8,MS31d,0,8,10,3,2000,0.4,0.25,8,124.09
K_k8,MS31d,0,10,10,3,2000,0.4,0.25,8,129.273
K_k8,MS34d,0,4,10,3,2000,0.4,0.25,8,108.029
K_k8,MS28d,0,2,10,3,2000,0.4,0.25,8,410.796
K_k8,MS34d,0,2,10,3,2000,0.4,0.25,8,108.317
K_k8,MS33d,0,6,10,3,2000,0.4,0.25,8,102.686
K_k8,MS33d,0,8,10,3,2000,0.4,0.25,8,105.195
K_k8,MS33d,0,2,10,3,2000,0.4,0.25,8,96.3772
K_k8,MS33d,0,10,10,3,2000,0.4,0.25,8,96.3772
K_k8,MS33d,0,4,10,3,2000,0.4,0.25,8,96.3772
K_k8,MS28d,0,4,10,3,2000,0.4,0.25,8,408.095
K_k8,MS28d,0,8,10,3,2000,0.4,0.25,8,392.214
K_k8,MS28d,0,6,10,3,2000,0.4,0.25,8,396.677
K_k8,MS28d,0,10,10,3,2000,0.4,0.25,8,401.699
K_k8,MS34d,0,6,10,3,2000,0.4,0.25,8,106.172
K_k8,MS34d,0,8,10,3,2000,0.4,0.25,8,110.015
K_k8,MS34d,0,10,10,3,2000,0.4,0.25,8,102.72
K_k8,MS37d,0,2,10,3,2000,0.4,0.25,8,153.08
K_k8,MS37d,0,6,10,3,2000,0.4,0.25,8,149.827
K_k8,MS36d,0,6,10,3,2000,0.4,0.25,8,160.265
K_k8,MS36d,0,10,10,3,2000,0.4,0.25,8,161.564
K_k8,MS36d,0,4,10,3,2000,0.4,0.25,8,155.81
K_k8,MS38d,0,4,10,3,2000,0.4,0.25,8,184.02
K_k8,MS36d,0,2,10,3,2000,0.4,0.25,8,159.166
K_k8,MS37d,0,8,10,3,2000,0.4,0.25,8,144.977
K_k8,MS38d,0,2,10,3,2000,0.4,0.25,8,172.645
K_k8,MS37d,0,4,10,3,2000,0.4,0.25,8,146.716
K_k8,MS37d,0,10,10,3,2000,0.4,0.25,8,145.888
K_k8,MS38d,0,8,10,3,2000,0.4,0.25,8,180.792
K_k8,MS36d,0,8,10,3,2000,0.4,0.25,8,154.445
K_k8,MS38d,0,6,10,3,2000,0.4,0.25,8,174.208
K_k8,MS38d,0,10,10,3,2000,0.4,0.25,8,173.935
K_k8,MS39d,0,2,10,3,2000,0.4,0.25,8,225.704
K_k8,MS39d,0,4,10,3,2000,0.4,0.25,8,223.974
K_k8,MS39d,0,6,10,3,2000,0.4,0.25,8,227.028
K_k8,MS39d,0,8,10,3,2000,0.4,0.25,8,226.438
K_k8,MS39d,0,10,10,3,2000,0.4,0.25,8,227.175
K_k8,MS40d,0,4,10,3,2000,0.4,0.25,8,264.23
K_k8,MS40d,0,2,10,3,2000,0.4,0.25,8,270.403
K_k8,MS40d,0,6,10,3,2000,0.4,0.25,8,265.548
K_k8,MS40d,0,8,10,3,2000,0.4,0.25,8,279.447
K_k8,MS40d,0,10,10,3,2000,0.4,0.25,8,268.18
K_k8,MS41d,0,4,10,3,2000,0.4,0.25,8,277.767
K_k8,MS41d,0,6,10,3,2000,0.4,0.25,8,279.768
K_k8,MS41d,0,2,10,3,2000,0.4,0.25,8,283.179
K_k8,MS41d,0,8,10,3,2000,0.4,0.25,8,283.197
K_k8,MS35d,0,8,10,3,2000,0.4,0.25,8,116.734
K_k8,MS41d,0,10,10,3,2000,0.4,0.25,8,283.211
K_k8,MS35d,0,10,10,3,2000,0.4,0.25,8,116.882
K_k8,MS35d,0,6,10,3,2000,0.4,0.25,8,118.564
K_k8,MS42d,0,2,10,3,2000,0.4,0.25,8,387.398
K_k10,MS1d,0,2,10,3,2000,0.4,0.25,10,170.908
K_k8,MS42d,0,4,10,3,2000,0.4,0.25,8,378.981
K_k10,MS1d,0,4,10,3,2000,0.4,0.25,10,170.908
K_k10,MS1d,0,6,10,3,2000,0.4,0.25,10,170.908
K_k10,MS1d,0,8,10,3,2000,0.4,0.25,10,170.908
K_k10,MS1d,0,10,10,3,2000,0.4,0.25,10,170.908
K_k10,MS2d,0,2,10,3,2000,0.4,0.25,10,153.763
K_k10,MS2d,0,4,10,3,2000,0.4,0.25,10,155.578
K_k10,MS2d,0,6,10,3,2000,0.4,0.25,10,165.54
K_k10,MS2d,0,8,10,3,2000,0.4,0.25,10,162.673
K_k10,MS2d,0,10,10,3,2000,0.4,0.25,10,162.673
K_k10,MS3d,0,2,10,3,2000,0.4,0.25,10,243.812
K_k10,MS3d,0,4,10,3,2000,0.4,0.25,10,243.812
K_k10,MS3d,0,6,10,3,2000,0.4,0.25,10,243.812
K_k10,MS3d,0,8,10,3,2000,0.4,0.25,10,244.173
K_k8,MS43d,0,2,10,3,2000,0.4,0.25,8,406.422
K_k10,MS3d,0,10,10,3,2000,0.4,0.25,10,243.812
K_k8,MS43d,0,4,10,3,2000,0.4,0.25,8,402.725
K_k8,MS43d,0,6,10,3,2000,0.4,0.25,8,399.678
K_k8,MS43d,0,8,10,3,2000,0.4,0.25,8,407.09
K_k8,MS43d,0,10,10,3,2000,0.4,0.25,8,395.786
K_k10,MS5d,0,2,10,3,2000,0.4,0.25,10,374.305
K_k10,MS5d,0,4,10,3,2000,0.4,0.25,10,376.603
K_k8,MS42d,0,6,10,3,2000,0.4,0.25,8,384.898
K_k10,MS4d,0,2,10,3,2000,0.4,0.25,10,588.737
K_k8,MS42d,0,8,10,3,2000,0.4,0.25,8,379.84
K_k10,MS5d,0,6,10,3,2000,0.4,0.25,10,376.764
K_k10,MS4d,0,6,10,3,2000,0.4,0.25,10,566.765
K_k10,MS4d,0,4,10,3,2000,0.4,0.25,10,578.067
K_k8,MS35d,0,2,10,3,2000,0.4,0.25,8,116.625
K_k10,MS4d,0,8,10,3,2000,0.4,0.25,10,582.929
K_k10,MS7d,0,2,10,3,2000,0.4,0.25,10,189.017
K_k10,MS7d,0,4,10,3,2000,0.4,0.25,10,190.214
K_k8,MS42d,0,10,10,3,2000,0.4,0.25,8,368.959
K_k10,MS4d,0,10,10,3,2000,0.4,0.25,10,583.694
K_k10,MS7d,0,6,10,3,2000,0.4,0.25,10,191.42
K_k10,MS7d,0,8,10,3,2000,0.4,0.25,10,189.017
K_k10,MS5d,0,8,10,3,2000,0.4,0.25,10,335.709
K_k10,MS7d,0,10,10,3,2000,0.4,0.25,10,190.214
K_k10,MS5d,0,10,10,3,2000,0.4,0.25,10,364.23
K_k10,MS6d,0,4,10,3,2000,0.4,0.25,10,82.1867
K_k10,MS6d,0,2,10,3,2000,0.4,0.25,10,82.1867
K_k10,MS6d,0,6,10,3,2000,0.4,0.25,10,82.1867
K_k10,MS6d,0,8,10,3,2000,0.4,0.25,10,82.1867
K_k10,MS6d,0,10,10,3,2000,0.4,0.25,10,82.1867
K_k10,MS8d,0,8,10,3,2000,0.4,0.25,10,237.872
K_k10,MS8d,0,2,10,3,2000,0.4,0.25,10,237.872
K_k10,MS8d,0,6,10,3,2000,0.4,0.25,10,223.448
K_k10,MS8d,0,4,10,3,2000,0.4,0.25,10,237.115
K_k10,MS8d,0,10,10,3,2000,0.4,0.25,10,237.872
K_k10,MS10d,0,2,10,3,2000,0.4,0.25,10,199.585
K_k10,MS11d,0,4,10,3,2000,0.4,0.25,10,114.013
K_k10,MS11d,0,2,10,3,2000,0.4,0.25,10,111.516
K_k10,MS11d,0,6,10,3,2000,0.4,0.25,10,111.516
K_k10,MS11d,0,8,10,3,2000,0.4,0.25,10,120.376
K_k10,MS12d,0,2,10,3,2000,0.4,0.25,10,80.1899
K_k10,MS11d,0,10,10,3,2000,0.4,0.25,10,111.068
K_k10,MS12d,0,4,10,3,2000,0.4,0.25,10,88.4747
K_k10,MS12d,0,6,10,3,2000,0.4,0.25,10,81.2993
K_k10,MS12d,0,10,10,3,2000,0.4,0.25,10,80.0769
K_k10,MS12d,0,8,10,3,2000,0.4,0.25,10,80.1899
K_k10,MS10d,0,8,10,3,2000,0.4,0.25,10,194.261
K_k10,MS9d,0,2,10,3,2000,0.4,0.25,10,167.4
K_k10,MS13d,0,4,10,3,2000,0.4,0.25,10,148.444
K_k10,MS13d,0,2,10,3,2000,0.4,0.25,10,145.262
K_k10,MS10d,0,4,10,3,2000,0.4,0.25,10,190.303
K_k10,MS13d,0,6,10,3,2000,0.4,0.25,10,139.932
K_k10,MS13d,0,8,10,3,2000,0.4,0.25,10,141.031
K_k10,MS13d,0,10,10,3,2000,0.4,0.25,10,149.151
K_k10,MS14d,0,2,10,3,2000,0.4,0.25,10,145.531
K_k10,MS9d,0,8,10,3,2000,0.4,0.25,10,165.336
K_k10,MS14d,0,4,10,3,2000,0.4,0.25,10,142.15
K_k10,MS9d,0,6,10,3,2000,0.4,0.25,10,167.586
K_k10,MS14d,0,8,10,3,2000,0.4,0.25,10,145.531
K_k10,MS14d,0,6,10,3,2000,0.4,0.25,10,143.861
K_k10,MS14d,0,10,10,3,2000,0.4,0.25,10,144.344
K_k10,MS10d,0,6,10,3,2000,0.4,0.25,10,186.854
K_k10,MS15d,0,2,10,3,2000,0.4,0.25,10,121.075
K_k10,MS15d,0,4,10,3,2000,0.4,0.25,10,117.562
K_k10,MS15d,0,6,10,3,2000,0.4,0.25,10,120.812
K_k10,MS15d,0,8,10,3,2000,0.4,0.25,10,118.58
K_k10,MS15d,0,10,10,3,2000,0.4,0.25,10,120.46
K_k10,MS9d,0,10,10,3,2000,0.4,0.25,10,165.507
K_k10,MS10d,0,10,10,3,2000,0.4,0.25,10,191.509
K_k10,MS9d,0,4,10,3,2000,0.4,0.25,10,168.639
K_k10,MS16d,0,2,10,3,2000,0.4,0.25,10,125.035
K_k10,MS16d,0,8,10,3,2000,0.4,0.25,10,124.6
K_k10,MS16d,0,4,10,3,2000,0.4,0.25,10,124.056
K_k10,MS16d,0,10,10,3,2000,0.4,0.25,10,124.6
K_k10,MS16d,0,6,10,3,2000,0.4,0.25,10,123.057
K_k10,MS17d,0,6,10,3,2000,0.4,0.25,10,269.146
K_k10,MS17d,0,2,10,3,2000,0.4,0.25,10,268.062
K_k10,MS17d,0,10,10,3,2000,0.4,0.25,10,263.038
K_k10,MS17d,0,4,10,3,2000,0.4,0.25,10,271.354
K_k10,MS17d,0,8,10,3,2000,0.4,0.25,10,271.486
K_k10,MS18d,0,2,10,3,2000,0.4,0.25,10,458.408
K_k8,MS35d,0,4,10,3,2000,0.4,0.25,8,114.867
K_k10,MS18d,0,8,10,3,2000,0.4,0.25,10,458.844
K_k10,MS18d,0,10,10,3,2000,0.4,0.25,10,451.913
K_k10,MS18d,0,6,10,3,2000,0.4,0.25,10,439.514
K_k10,MS18d,0,4,10,3,2000,0.4,0.25,10,454.011
K_k10,MS21d,0,2,10,3,2000,0.4,0.25,10,266.978
K_k10,MS21d,0,4,10,3,2000,0.4,0.25,10,267.479
K_k10,MS21d,0,6,10,3,2000,0.4,0.25,10,273.354
K_k10,MS19d,0,2,10,3,2000,0.4,0.25,10,387.468
K_k10,MS21d,0,8,10,3,2000,0.4,0.25,10,266.978
K_k10,MS21d,0,10,10,3,2000,0.4,0.25,10,279.255
K_k10,MS22d,0,2,10,3,2000,0.4,0.25,10,420.537
K_k10,MS22d,0,4,10,3,2000,0.4,0.25,10,420.537
K_k10,MS19d,0,4,10,3,2000,0.4,0.25,10,383.251
K_k10,MS19d,0,10,10,3,2000,0.4,0.25,10,388.108
K_k10,MS22d,0,6,10,3,2000,0.4,0.25,10,412.212
K_k10,MS19d,0,8,10,3,2000,0.4,0.25,10,377.071
K_k10,MS20d,0,2,10,3,2000,0.4,0.25,10,359.843
K_k10,MS19d,0,6,10,3,2000,0.4,0.25,10,372.73
K_k10,MS23d,0,4,10,3,2000,0.4,0.25,10,387.777
K_k10,MS23d,0,2,10,3,2000,0.4,0.25,10,387.777
K_k10,MS23d,0,6,10,3,2000,0.4,0.25,10,387.777
K_k10,MS23d,0,8,10,3,2000,0.4,0.25,10,387.777
K_k10,MS22d,0,8,10,3,2000,0.4,0.25,10,426.621
K_k10,MS22d,0,10,10,3,2000,0.4,0.25,10,420.537
K_k10,MS23d,0,10,10,3,2000,0.4,0.25,10,387.777
K_k10,MS24d,0,2,10,3,2000,0.4,0.25,10,228.179
K_k10,MS20d,0,4,10,3,2000,0.4,0.25,10,364.336
K_k10,MS25d,0,2,10,3,2000,0.4,0.25,10,256.32
K_k10,MS20d,0,6,10,3,2000,0.4,0.25,10,359.251
K_k10,MS25d,0,4,10,3,2000,0.4,0.25,10,251.6
K_k10,MS20d,0,8,10,3,2000,0.4,0.25,10,355.735
K_k10,MS25d,0,6,10,3,2000,0.4,0.25,10,244.656
K_k10,MS20d,0,10,10,3,2000,0.4,0.25,10,344.788
K_k10,MS24d,0,4,10,3,2000,0.4,0.25,10,224.049
K_k10,MS24d,0,6,10,3,2000,0.4,0.25,10,228.079
K_k10,MS24d,0,8,10,3,2000,0.4,0.25,10,228.179
K_k10,MS25d,0,8,10,3,2000,0.4,0.25,10,244.656
K_k10,MS24d,0,10,10,3,2000,0.4,0.25,10,224.049
K_k10,MS25d,0,10,10,3,2000,0.4,0.25,10,251.288
K_k10,MS27d,0,4,10,3,2000,0.4,0.25,10,345.051
K_k10,MS27d,0,8,10,3,2000,0.4,0.25,10,352.115
K_k10,MS26d,0,2,10,3,2000,0.4,0.25,10,387.889
K_k10,MS27d,0,2,10,3,2000,0.4,0.25,10,365.553
K_k10,MS26d,0,4,10,3,2000,0.4,0.25,10,397.593
K_k10,MS26d,0,8,10,3,2000,0.4,0.25,10,381.896
K_k10,MS27d,0,6,10,3,2000,0.4,0.25,10,355.67
K_k10,MS26d,0,6,10,3,2000,0.4,0.25,10,398.764
K_k10,MS27d,0,10,10,3,2000,0.4,0.25,10,358.373
K_k10,MS26d,0,10,10,3,2000,0.4,0.25,10,385.808
K_k10,MS30d,0,2,10,3,2000,0.4,0.25,10,160.896
K_k10,MS30d,0,4,10,3,2000,0.4,0.25,10,160.896
K_k10,MS30d,0,6,10,3,2000,0.4,0.25,10,160.753
K_k10,MS30d,0,8,10,3,2000,0.4,0.25,10,160.896
K_k10,MS31d,0,2,10,3,2000,0.4,0.25,10,129.562
K_k10,MS29d,0,6,10,3,2000,0.4,0.25,10,405.676
K_k10,MS29d,0,4,10,3,2000,0.4,0.25,10,403.434
K_k10,MS29d,0,2,10,3,2000,0.4,0.25,10,404.606
K_k10,MS30d,0,10,10,3,2000,0.4,0.25,10,160.896
K_k10,MS29d,0,8,10,3,2000,0.4,0.25,10,404.738
K_k10,MS32d,0,2,10,3,2000,0.4,0.25,10,101.186
K_k10,MS32d,0,4,10,3,2000,0.4,0.25,10,101.186
K_k10,MS31d,0,4,10,3,2000,0.4,0.25,10,130.488
K_k10,MS29d,0,10,10,3,2000,0.4,0.25,10,406.688
K_k10,MS32d,0,6,10,3,2000,0.4,0.25,10,101.186
K_k10,MS32d,0,8,10,3,2000,0.4,0.25,10,101.186
K_k10,MS32d,0,10,10,3,2000,0.4,0.25,10,101.186
K_k10,MS31d,0,6,10,3,2000,0.4,0.25,10,124.7
K_k10,MS31d,0,8,10,3,2000,0.4,0.25,10,124.09
K_k10,MS31d,0,10,10,3,2000,0.4,0.25,10,129.273
K_k10,MS34d,0,4,10,3,2000,0.4,0.25,10,108.029
K_k10,MS34d,0,2,10,3,2000,0.4,0.25,10,108.317
K_k10,MS28d,0,2,10,3,2000,0.4,0.25,10,395.535
K_k10,MS28d,0,4,10,3,2000,0.4,0.25,10,405.537
K_k10,MS33d,0,4,10,3,2000,0.4,0.25,10,100.469
K_k10,MS33d,0,8,10,3,2000,0.4,0.25,10,100.374
K_k10,MS33d,0,10,10,3,2000,0.4,0.25,10,100.469
K_k10,MS33d,0,6,10,3,2000,0.4,0.25,10,100.469
K_k10,MS33d,0,2,10,3,2000,0.4,0.25,10,100.469
K_k10,MS28d,0,8,10,3,2000,0.4,0.25,10,403.843
K_k10,MS28d,0,10,10,3,2000,0.4,0.25,10,407.69
K_k10,MS28d,0,6,10,3,2000,0.4,0.25,10,394.016
K_k10,MS34d,0,6,10,3,2000,0.4,0.25,10,106.172
K_k10,MS34d,0,10,10,3,2000,0.4,0.25,10,102.72
K_k10,MS34d,0,8,10,3,2000,0.4,0.25,10,110.015
K_k10,MS37d,0,4,10,3,2000,0.4,0.25,10,148.731
K_k10,MS36d,0,6,10,3,2000,0.4,0.25,10,160.265
K_k10,MS36d,0,10,10,3,2000,0.4,0.25,10,161.564
K_k10,MS36d,0,4,10,3,2000,0.4,0.25,10,155.81
K_k10,MS36d,0,2,10,3,2000,0.4,0.25,10,159.166
K_k10,MS38d,0,2,10,3,2000,0.4,0.25,10,172.645
K_k10,MS36d,0,8,10,3,2000,0.4,0.25,10,154.445
K_k10,MS38d,0,4,10,3,2000,0.4,0.25,10,184.02
K_k10,MS38d,0,8,10,3,2000,0.4,0.25,10,180.792
K_k10,MS38d,0,6,10,3,2000,0.4,0.25,10,174.208
K_k10,MS37d,0,2,10,3,2000,0.4,0.25,10,146.886
K_k10,MS38d,0,10,10,3,2000,0.4,0.25,10,173.935
K_k10,MS39d,0,2,10,3,2000,0.4,0.25,10,225.704
K_k10,MS39d,0,4,10,3,2000,0.4,0.25,10,223.974
K_k10,MS37d,0,10,10,3,2000,0.4,0.25,10,145.364
K_k10,MS39d,0,6,10,3,2000,0.4,0.25,10,227.028
K_k10,MS39d,0,8,10,3,2000,0.4,0.25,10,226.438
K_k10,MS39d,0,10,10,3,2000,0.4,0.25,10,227.175
K_k10,MS40d,0,2,10,3,2000,0.4,0.25,10,270.403
K_k10,MS40d,0,4,10,3,2000,0.4,0.25,10,264.23
K_k10,MS40d,0,6,10,3,2000,0.4,0.25,10,265.548
K_k10,MS40d,0,8,10,3,2000,0.4,0.25,10,279.447
K_k10,MS40d,0,10,10,3,2000,0.4,0.25,10,268.18
K_k10,MS37d,0,6,10,3,2000,0.4,0.25,10,146.528
K_k10,MS35d,0,8,10,3,2000,0.4,0.25,10,116.734
K_k10,MS41d,0,2,10,3,2000,0.4,0.25,10,281.525
K_k10,MS35d,0,6,10,3,2000,0.4,0.25,10,118.564
K_k10,MS41d,0,4,10,3,2000,0.4,0.25,10,283.774
K_k10,MS37d,0,8,10,3,2000,0.4,0.25,10,142.326
K_k10,MS41d,0,6,10,3,2000,0.4,0.25,10,283.503
K_k10,MS41d,0,8,10,3,2000,0.4,0.25,10,282.943
K_k10,MS35d,0,10,10,3,2000,0.4,0.25,10,116.638
K_k10,MS41d,0,10,10,3,2000,0.4,0.25,10,290.581
K_k10,MS43d,0,8,10,3,2000,0.4,0.25,10,407.09
K_k10,MS43d,0,6,10,3,2000,0.4,0.25,10,399.678
K_k12,MS1d,0,2,10,3,2000,0.4,0.25,12,170.908
K_k12,MS1d,0,4,10,3,2000,0.4,0.25,12,170.908
K_k10,MS43d,0,4,10,3,2000,0.4,0.25,10,402.725
K_k12,MS1d,0,6,10,3,2000,0.4,0.25,12,170.908
K_k10,MS43d,0,2,10,3,2000,0.4,0.25,10,406.422
K_k12,MS1d,0,8,10,3,2000,0.4,0.25,12,170.908
K_k12,MS1d,0,10,10,3,2000,0.4,0.25,12,170.908
K_k12,MS2d,0,2,10,3,2000,0.4,0.25,12,161.865
K_k12,MS2d,0,6,10,3,2000,0.4,0.25,12,161.865
K_k12,MS2d,0,4,10,3,2000,0.4,0.25,12,161.62
K_k12,MS2d,0,8,10,3,2000,0.4,0.25,12,161.758
K_k12,MS2d,0,10,10,3,2000,0.4,0.25,12,161.887
K_k12,MS3d,0,2,10,3,2000,0.4,0.25,12,243.812
K_k12,MS3d,0,4,10,3,2000,0.4,0.25,12,243.812
K_k12,MS3d,0,6,10,3,2000,0.4,0.25,12,243.812
K_k12,MS3d,0,8,10,3,2000,0.4,0.25,12,256.638
K_k12,MS3d,0,10,10,3,2000,0.4,0.25,12,266.446
K_k10,MS43d,0,10,10,3,2000,0.4,0.25,10,395.786
K_k10,MS42d,0,2,10,3,2000,0.4,0.25,10,387.398
K_k10,MS42d,0,4,10,3,2000,0.4,0.25,10,378.981
K_k10,MS35d,0,2,10,3,2000,0.4,0.25,10,116.625
K_k10,MS42d,0,6,10,3,2000,0.4,0.25,10,384.898
K_k12,MS5d,0,2,10,3,2000,0.4,0.25,12,376.472
K_k12,MS5d,0,4,10,3,2000,0.4,0.25,12,377.454
K_k12,MS5d,0,6,10,3,2000,0.4,0.25,12,373.268
K_k10,MS42d,0,8,10,3,2000,0.4,0.25,10,379.84
K_k12,MS4d,0,2,10,3,2000,0.4,0.25,12,586.52
K_k12,MS4d,0,4,10,3,2000,0.4,0.25,12,572.33
K_k12,MS5d,0,10,10,3,2000,0.4,0.25,12,377.104
K_k12,MS5d,0,8,10,3,2000,0.4,0.25,12,379.031
K_k10,MS42d,0,10,10,3,2000,0.4,0.25,10,368.959
K_k12,MS4d,0,10,10,3,2000,0.4,0.25,12,586.264
K_k12,MS7d,0,4,10,3,2000,0.4,0.25,12,190.214
K_k12,MS7d,0,2,10,3,2000,0.4,0.25,12,189.017
K_k12,MS7d,0,6,10,3,2000,0.4,0.25,12,191.42
K_k12,MS7d,0,8,10,3,2000,0.4,0.25,12,189.017
K_k12,MS4d,0,8,10,3,2000,0.4,0.25,12,584.146
K_k12,MS4d,0,6,10,3,2000,0.4,0.25,12,582.633
K_k12,MS7d,0,10,10,3,2000,0.4,0.25,12,190.214
K_k12,MS6d,0,2,10,3,2000,0.4,0.25,12,82.1867
K_k12,MS6d,0,4,10,3,2000,0.4,0.25,12,82.1867
K_k12,MS6d,0,6,10,3,2000,0.4,0.25,12,82.1867
K_k12,MS6d,0,10,10,3,2000,0.4,0.25,12,82.1867
K_k12,MS6d,0,8,10,3,2000,0.4,0.25,12,82.1867
K_k12,MS8d,0,8,10,3,2000,0.4,0.25,12,237.872
K_k12,MS8d,0,6,10,3,2000,0.4,0.25,12,223.448
K_k12,MS8d,0,2,10,3,2000,0.4,0.25,12,237.872
K_k12,MS8d,0,4,10,3,2000,0.4,0.25,12,237.115
K_k12,MS8d,0,10,10,3,2000,0.4,0.25,12,237.872
K_k12,MS9d,0,2,10,3,2000,0.4,0.25,12,167.811
K_k12,MS10d,0,2,10,3,2000,0.4,0.25,12,199.585
K_k12,MS11d,0,2,10,3,2000,0.4,0.25,12,111.516
K_k12,MS11d,0,4,10,3,2000,0.4,0.25,12,114.013
K_k12,MS11d,0,6,10,3,2000,0.4,0.25,12,111.516
K_k12,MS11d,0,8,10,3,2000,0.4,0.25,12,120.376
K_k12,MS12d,0,2,10,3,2000,0.4,0.25,12,80.1899
K_k12,MS11d,0,10,10,3,2000,0.4,0.25,12,111.068
K_k12,MS9d,0,4,10,3,2000,0.4,0.25,12,168.047
K_k12,MS12d,0,4,10,3,2000,0.4,0.25,12,88.4747
K_k12,MS9d,0,6,10,3,2000,0.4,0.25,12,165.646
K_k12,MS12d,0,8,10,3,2000,0.4,0.25,12,80.1899
K_k12,MS12d,0,6,10,3,2000,0.4,0.25,12,81.2993
K_k12,MS12d,0,10,10,3,2000,0.4,0.25,12,80.0769
K_k12,MS13d,0,4,10,3,2000,0.4,0.25,12,148.444
K_k12,MS13d,0,2,10,3,2000,0.4,0.25,12,145.262
K_k12,MS13d,0,6,10,3,2000,0.4,0.25,12,139.932
K_k12,MS13d,0,8,10,3,2000,0.4,0.25,12,141.031
K_k12,MS13d,0,10,10,3,2000,0.4,0.25,12,149.151
K_k12,MS14d,0,4,10,3,2000,0.4,0.25,12,142.15
K_k12,MS14d,0,2,10,3,2000,0.4,0.25,12,145.531
K_k12,MS14d,0,6,10,3,2000,0.4,0.25,12,143.861
K_k12,MS14d,0,8,10,3,2000,0.4,0.25,12,145.531
K_k12,MS14d,0,10,10,3,2000,0.4,0.25,12,144.344
K_k12,MS10d,0,8,10,3,2000,0.4,0.25,12,194.261
K_k12,MS15d,0,2,10,3,2000,0.4,0.25,12,119.652
K_k12,MS15d,0,4,10,3,2000,0.4,0.25,12,119.652
K_k12,MS9d,0,8,10,3,2000,0.4,0.25,12,166.243
K_k12,MS15d,0,6,10,3,2000,0.4,0.25,12,119.652
K_k12,MS15d,0,8,10,3,2000,0.4,0.25,12,119.652
K_k12,MS15d,0,10,10,3,2000,0.4,0.25,12,123.639
K_k12,MS10d,0,4,10,3,2000,0.4,0.25,12,190.303
K_k12,MS9d,0,10,10,3,2000,0.4,0.25,12,167.837
K_k12,MS10d,0,6,10,3,2000,0.4,0.25,12,186.854
K_k12,MS10d,0,10,10,3,2000,0.4,0.25,12,191.509
K_k12,MS16d,0,8,10,3,2000,0.4,0.25,12,120.915
K_k12,MS16d,0,6,10,3,2000,0.4,0.25,12,124.322
K_k12,MS16d,0,4,10,3,2000,0.4,0.25,12,121.576
K_k12,MS16d,0,10,10,3,2000,0.4,0.25,12,124.6
K_k12,MS16d,0,2,10,3,2000,0.4,0.25,12,125.116
K_k12,MS17d,0,6,10,3,2000,0.4,0.25,12,269.146
K_k12,MS17d,0,2,10,3,2000,0.4,0.25,12,268.062
K_k12,MS17d,0,4,10,3,2000,0.4,0.25,12,271.354
K_k12,MS17d,0,8,10,3,2000,0.4,0.25,12,271.486
K_k12,MS17d,0,10,10,3,2000,0.4,0.25,12,263.038
K_k10,MS35d,0,4,10,3,2000,0.4,0.25,10,114.586
K_k12,MS18d,0,2,10,3,2000,0.4,0.25,12,458.408
K_k12,MS18d,0,10,10,3,2000,0.4,0.25,12,451.913
K_k12,MS18d,0,6,10,3,2000,0.4,0.25,12,439.514
K_k12,MS18d,0,8,10,3,2000,0.4,0.25,12,458.844
K_k12,MS18d,0,4,10,3,2000,0.4,0.25,12,454.011
K_k12,MS21d,0,2,10,3,2000,0.4,0.25,12,266.978
K_k12,MS21d,0,4,10,3,2000,0.4,0.25,12,267.479
K_k12,MS19d,0,2,10,3,2000,0.4,0.25,12,384.376
K_k12,MS21d,0,6,10,3,2000,0.4,0.25,12,273.354
K_k12,MS21d,0,8,10,3,2000,0.4,0.25,12,266.978
K_k12,MS21d,0,10,10,3,2000,0.4,0.25,12,279.255
K_k12,MS22d,0,2,10,3,2000,0.4,0.25,12,420.537
K_k12,MS22d,0,4,10,3,2000,0.4,0.25,12,420.537
K_k12,MS19d,0,8,10,3,2000,0.4,0.25,12,380.821
K_k12,MS19d,0,4,10,3,2000,0.4,0.25,12,384.376
K_k12,MS19d,0,6,10,3,2000,0.4,0.25,12,384.376
K_k12,MS22d,0,6,10,3,2000,0.4,0.25,12,412.212
K_k12,MS19d,0,10,10,3,2000,0.4,0.25,12,390.289
K_k12,MS20d,0,2,10,3,2000,0.4,0.25,12,359.843
K_k12,MS23d,0,2,10,3,2000,0.4,0.25,12,387.777
K_k12,MS23d,0,6,10,3,2000,0.4,0.25,12,387.777
K_k12,MS23d,0,4,10,3,2000,0.4,0.25,12,387.777
K_k12,MS23d,0,8,10,3,2000,0.4,0.25,12,387.777
K_k12,MS23d,0,10,10,3,2000,0.4,0.25,12,387.777
K_k12,MS20d,0,4,10,3,2000,0.4,0.25,12,364.336
K_k12,MS22d,0,8,10,3,2000,0.4,0.25,12,426.621
K_k12,MS22d,0,10,10,3,2000,0.4,0.25,12,420.537
K_k12,MS25d,0,2,10,3,2000,0.4,0.25,12,257.272
K_k12,MS24d,0,2,10,3,2000,0.4,0.25,12,228.179
K_k12,MS24d,0,4,10,3,2000,0.4,0.25,12,224.049
K_k12,MS25d,0,6,10,3,2000,0.4,0.25,12,252.196
K_k12,MS24d,0,6,10,3,2000,0.4,0.25,12,228.079
K_k12,MS25d,0,4,10,3,2000,0.4,0.25,12,257.02
K_k12,MS24d,0,8,10,3,2000,0.4,0.25,12,228.179
K_k12,MS24d,0,10,10,3,2000,0.4,0.25,12,224.049
K_k12,MS20d,0,8,10,3,2000,0.4,0.25,12,355.735
K_k12,MS20d,0,10,10,3,2000,0.4,0.25,12,344.788
K_k12,MS25d,0,8,10,3,2000,0.4,0.25,12,256.065
K_k12,MS20d,0,6,10,3,2000,0.4,0.25,12,359.251
K_k12,MS25d,0,10,10,3,2000,0.4,0.25,12,252.592
K_k12,MS27d,0,2,10,3,2000,0.4,0.25,12,347.996
K_k12,MS27d,0,4,10,3,2000,0.4,0.25,12,354.672
K_k12,MS27d,0,6,10,3,2000,0.4,0.25,12,360.638
K_k12,MS26d,0,2,10,3,2000,0.4,0.25,12,387.889
K_k12,MS27d,0,8,10,3,2000,0.4,0.25,12,355.144
K_k12,MS26d,0,8,10,3,2000,0.4,0.25,12,381.896
K_k12,MS26d,0,6,10,3,2000,0.4,0.25,12,398.764
K_k12,MS27d,0,10,10,3,2000,0.4,0.25,12,358.591
K_k12,MS26d,0,4,10,3,2000,0.4,0.25,12,397.593
K_k12,MS26d,0,10,10,3,2000,0.4,0.25,12,385.808
K_k12,MS30d,0,2,10,3,2000,0.4,0.25,12,160.896
K_k12,MS30d,0,4,10,3,2000,0.4,0.25,12,160.896
K_k12,MS30d,0,6,10,3,2000,0.4,0.25,12,160.753
K_k12,MS30d,0,8,10,3,2000,0.4,0.25,12,160.896
K_k12,MS31d,0,2,10,3,2000,0.4,0.25,12,135.009
K_k12,MS29d,0,6,10,3,2000,0.4,0.25,12,405.676
K_k12,MS29d,0,2,10,3,2000,0.4,0.25,12,404.606
K_k12,MS29d,0,4,10,3,2000,0.4,0.25,12,403.434
K_k12,MS30d,0,10,10,3,2000,0.4,0.25,12,160.896
K_k12,MS31d,0,4,10,3,2000,0.4,0.25,12,132.164
K_k12,MS29d,0,10,10,3,2000,0.4,0.25,12,406.688
K_k12,MS32d,0,2,10,3,2000,0.4,0.25,12,101.186
K_k12,MS32d,0,4,10,3,2000,0.4,0.25,12,101.186
K_k12,MS32d,0,8,10,3,2000,0.4,0.25,12,101.186
K_k12,MS32d,0,6,10,3,2000,0.4,0.25,12,101.186
K_k12,MS32d,0,10,10,3,2000,0.4,0.25,12,101.186
K_k12,MS31d,0,6,10,3,2000,0.4,0.25,12,131.002
K_k12,MS29d,0,8,10,3,2000,0.4,0.25,12,404.738
K_k12,MS31d,0,10,10,3,2000,0.4,0.25,12,136.124
K_k12,MS31d,0,8,10,3,2000,0.4,0.25,12,134.722
K_k12,MS28d,0,2,10,3,2000,0.4,0.25,12,395.535
K_k12,MS34d,0,2,10,3,2000,0.4,0.25,12,108.317
K_k12,MS34d,0,4,10,3,2000,0.4,0.25,12,108.029
K_k12,MS28d,0,4,10,3,2000,0.4,0.25,12,405.537
K_k12,MS33d,0,4,10,3,2000,0.4,0.25,12,100.469
K_k12,MS33d,0,10,10,3,2000,0.4,0.25,12,100.469
K_k12,MS33d,0,8,10,3,2000,0.4,0.25,12,100.374
K_k12,MS33d,0,2,10,3,2000,0.4,0.25,12,100.469
K_k12,MS28d,0,8,10,3,2000,0.4,0.25,12,403.843
K_k12,MS28d,0,6,10,3,2000,0.4,0.25,12,394.016
K_k12,MS28d,0,10,10,3,2000,0.4,0.25,12,407.69
K_k12,MS33d,0,6,10,3,2000,0.4,0.25,12,100.469
K_k12,MS34d,0,6,10,3,2000,0.4,0.25,12,106.172
K_k12,MS34d,0,10,10,3,2000,0.4,0.25,12,102.72
K_k12,MS34d,0,8,10,3,2000,0.4,0.25,12,110.015
K_k12,MS37d,0,2,10,3,2000,0.4,0.25,12,145.83
K_k12,MS37d,0,4,10,3,2000,0.4,0.25,12,145.756
K_k12,MS36d,0,6,10,3,2000,0.4,0.25,12,160.265
K_k12,MS36d,0,10,10,3,2000,0.4,0.25,12,161.564
K_k12,MS36d,0,4,10,3,2000,0.4,0.25,12,155.81
K_k12,MS37d,0,6,10,3,2000,0.4,0.25,12,146.889
K_k12,MS37d,0,10,10,3,2000,0.4,0.25,12,151.928
K_k12,MS38d,0,6,10,3,2000,0.4,0.25,12,178.334
K_k12,MS38d,0,4,10,3,2000,0.4,0.25,12,175.429
K_k12,MS36d,0,2,10,3,2000,0.4,0.25,12,159.166
K_k12,MS38d,0,2,10,3,2000,0.4,0.25,12,172.608
K_k12,MS38d,0,8,10,3,2000,0.4,0.25,12,175.566
K_k12,MS37d,0,8,10,3,2000,0.4,0.25,12,144.579
K_k12,MS36d,0,8,10,3,2000,0.4,0.25,12,154.445
K_k12,MS38d,0,10,10,3,2000,0.4,0.25,12,174.038
K_k12,MS39d,0,2,10,3,2000,0.4,0.25,12,225.704
K_k12,MS39d,0,4,10,3,2000,0.4,0.25,12,223.974
K_k12,MS39d,0,6,10,3,2000,0.4,0.25,12,227.028
K_k12,MS39d,0,8,10,3,2000,0.4,0.25,12,226.438
K_k12,MS39d,0,10,10,3,2000,0.4,0.25,12,227.175
K_k12,MS40d,0,2,10,3,2000,0.4,0.25,12,272.605
K_k12,MS40d,0,4,10,3,2000,0.4,0.25,12,264.561
K_k12,MS40d,0,8,10,3,2000,0.4,0.25,12,276.077
K_k12,MS40d,0,6,10,3,2000,0.4,0.25,12,272.153
K_k12,MS40d,0,10,10,3,2000,0.4,0.25,12,267.236
K_k12,MS41d,0,2,10,3,2000,0.4,0.25,12,281.525
K_k12,MS41d,0,4,10,3,2000,0.4,0.25,12,283.774
K_k12,MS41d,0,8,10,3,2000,0.4,0.25,12,282.943
K_k12,MS41d,0,6,10,3,2000,0.4,0.25,12,283.503
K_k12,MS41d,0,10,10,3,2000,0.4,0.25,12,290.581
K_k12,MS35d,0,10,10,3,2000,0.4,0.25,12,116.882
K_k12,MS42d,0,4,10,3,2000,0.4,0.25,12,378.981
K_k12,MS42d,0,2,10,3,2000,0.4,0.25,12,387.398
K_k12,MS43d,0,2,10,3,2000,0.4,0.25,12,406.422
K_k12,MS43d,0,4,10,3,2000,0.4,0.25,12,402.725
K_k12,MS43d,0,6,10,3,2000,0.4,0.25,12,399.678
K_k12,MS43d,0,8,10,3,2000,0.4,0.25,12,407.09
K_k12,MS43d,0,10,10,3,2000,0.4,0.25,12,395.786
K_k12,MS35d,0,6,10,3,2000,0.4,0.25,12,116.054
K_k12,MS42d,0,6,10,3,2000,0.4,0.25,12,384.898
K_k12,MS42d,0,8,10,3,2000,0.4,0.25,12,379.84
K_k12,MS35d,0,4,10,3,2000,0.4,0.25,12,116.355
K_k12,MS42d,0,10,10,3,2000,0.4,0.25,12,368.959
K_k12,MS35d,0,2,10,3,2000,0.4,0.25,12,116.625
K_k12,MS35d,0,8,10,3,2000,0.4,0.25,12,117.776
